step,train_loss,test_loss,train_acc,test_acc,train_margin,test_margin,grad_norm
1,4.70003080368042,4.716396808624268,0.01195854414254427,0.00991852581501007,-1.185141921043396,-1.2018569707870483,0.7929887175559998
100,3.103255271911621,5.306568145751953,0.400478333234787,0.003542330814525485,-0.2403327375650406,-2.542715549468994,1.2812538146972656
200,0.6947287321090698,4.69552755355835,0.9965453147888184,0.11193765699863434,2.4328298568725586,-2.5574235916137695,3.4922430515289307
300,0.0751289576292038,4.447242736816406,1.0,0.262132465839386,4.720608711242676,-2.5986721515655518,0.9374974370002747
400,0.011945933103561401,4.447754859924316,1.0,0.3223521113395691,6.5242109298706055,-2.619518756866455,0.013089501298964024
500,0.003683792892843485,4.49721097946167,1.0,0.34909671545028687,7.7021355628967285,-2.5881612300872803,0.004367006476968527
600,0.004647665191441774,4.70977783203125,1.0,0.333864688873291,7.346792221069336,-2.882167100906372,0.27248844504356384
700,0.0005927406018599868,4.745118141174316,1.0,0.3678710460662842,9.454379081726074,-2.666600465774536,0.0010864605428650975
800,0.00027195047005079687,4.901692867279053,1.0,0.37070491909980774,10.210912704467773,-2.74941086769104,0.000395028677303344
900,0.00011169972276547924,5.092570781707764,1.0,0.3747785985469818,11.075860023498535,-2.8403096199035645,0.00016697855608072132
1000,4.376278957352042e-05,5.295248031616211,1.0,0.3779667019844055,11.997023582458496,-2.9163899421691895,6.794580986024812e-05
1100,1.6912959836190566e-05,5.4991679191589355,1.0,0.3808005750179291,12.939552307128906,-2.9712624549865723,2.7351698008715175e-05
1200,6.574136477865977e-06,5.698605537414551,1.0,0.384520024061203,13.882935523986816,-3.002197265625,1.1112182619399391e-05
1300,2.6193090434389887e-06,5.887804985046387,1.0,0.388416588306427,14.80255126953125,-3.009831428527832,4.8034203246061224e-06
1400,2.0068406229256652e-05,6.063436031341553,1.0,0.37194472551345825,12.519999504089355,-3.6865084171295166,0.0005646204226650298
1500,1.0546352314122487e-05,5.972315788269043,1.0,0.3808005750179291,13.150285720825195,-3.4279632568359375,0.0001348003133898601
1600,6.736298018950038e-06,5.909039497375488,1.0,0.3839886486530304,13.64696216583252,-3.2212815284729004,5.4682739573763683e-05
1700,4.369995167508023e-06,5.898811340332031,1.0,0.3873538672924042,14.141059875488281,-3.0831074714660645,2.2335651010507718e-05
1800,2.669994728421443e-06,5.963449001312256,1.0,0.388416588306427,14.678529739379883,-3.035560369491577,9.187820069200825e-06
1900,1.4680830418001278e-06,6.091861724853516,1.0,0.3891250491142273,15.285006523132324,-3.056427478790283,3.952636234316742e-06
2000,7.562170480923669e-07,6.24648380279541,1.0,0.3905419707298279,15.924041748046875,-3.1012611389160156,1.8454097698850092e-06
2100,3.8984569528111024e-07,6.385600566864014,1.0,0.3910733163356781,16.515125274658203,-3.1373648643493652,9.986339364331798e-07
2200,2.21913637687976e-07,6.477780818939209,1.0,0.39195889234542847,16.988285064697266,-3.1340386867523193,1.2358714229776524e-06
2300,2.7918891646550037e-05,6.73532772064209,1.0,0.3579525351524353,12.474661827087402,-4.412057399749756,0.0029487849678844213
2400,6.7740770646196324e-06,6.583550453186035,1.0,0.37530994415283203,13.564242362976074,-3.965585470199585,0.00022023690689820796
2500,3.905891844624421e-06,6.4682440757751465,1.0,0.38221749663352966,14.072694778442383,-3.6976263523101807,8.616450213594362e-05
2600,2.363654857617803e-06,6.371216297149658,1.0,0.3866454064846039,14.591407775878906,-3.4456257820129395,3.431417280808091e-05
2700,1.4939965922167175e-06,6.305817127227783,1.0,0.38947927951812744,15.096928596496582,-3.239438772201538,1.3806468814436812e-05
2800,9.564620313540217e-07,6.295197010040283,1.0,0.39213600754737854,15.58495044708252,-3.1047914028167725,5.708634944312507e-06
2900,5.826460096614028e-07,6.344780921936035,1.0,0.3928444981575012,16.088409423828125,-3.0472285747528076,2.436128625049605e-06
3000,3.409328428460867e-07,6.426991939544678,1.0,0.39390718936920166,16.584394454956055,-3.029857873916626,1.1487919664432411e-06
3100,2.0290603686135e-07,6.500306606292725,1.0,0.3942614197731018,17.020050048828125,-3.011986494064331,8.897378620531526e-07
3200,0.0820358395576477,7.096035003662109,0.9795376062393188,0.2575274407863617,6.9814043045043945,-5.623581409454346,22.344554901123047
3300,9.357831004308537e-06,6.653872966766357,1.0,0.3793836236000061,13.252184867858887,-3.9993324279785156,0.00033035880187526345
3400,4.908947630610783e-06,6.5373921394348145,1.0,0.3850513696670532,13.829833030700684,-3.715034246444702,0.00011534387158462778
3500,2.879297653635149e-06,6.43411111831665,1.0,0.39001062512397766,14.36497688293457,-3.4495956897735596,4.610696851159446e-05
3600,1.774104816831823e-06,6.351629734039307,1.0,0.3930216133594513,14.890498161315918,-3.2129642963409424,1.8879374692915007e-05
3700,1.1359570635249838e-06,6.307934284210205,1.0,0.3942614197731018,15.386978149414062,-3.034088373184204,7.822420229786076e-06
3800,7.150972578529036e-07,6.321159362792969,1.0,0.3951469957828522,15.878863334655762,-2.9275364875793457,3.259385493947775e-06
3900,4.251681389177975e-07,6.382139205932617,1.0,0.39532411098480225,16.382946014404297,-2.8804681301116943,1.5133371107367566e-06
4000,2.4956969468803436e-07,6.455965995788574,1.0,0.3951469957828522,16.857200622558594,-2.8534231185913086,8.87244141267729e-07
4100,1.6308513295371085e-07,6.508852958679199,1.0,0.394792765378952,17.246524810791016,-2.814427375793457,1.2948002222401556e-05
4200,1.2265668374311645e-05,6.691585540771484,1.0,0.3838115334510803,13.036705017089844,-3.994364023208618,0.0005731293349526823
4300,5.7511347222316545e-06,6.562492847442627,1.0,0.3877080976963043,13.697272300720215,-3.6784815788269043,0.00015761387476231903
4400,3.3496057767479215e-06,6.452572822570801,1.0,0.39142754673957825,14.225335121154785,-3.4079740047454834,6.23878586338833e-05
4500,2.0521536043816013e-06,6.360796928405762,1.0,0.39390718936920166,14.741162300109863,-3.158768653869629,2.5338262275909074e-05
4600,1.3017983064855798e-06,6.300400257110596,1.0,0.3962096869945526,15.24104118347168,-2.9539222717285156,1.0539969480305444e-05
4700,8.265768087767356e-07,6.2936835289001465,1.0,0.3962096869945526,15.736567497253418,-2.822444438934326,4.376336164568784e-06
4800,4.957813644068665e-07,6.34554386138916,1.0,0.3963868319988251,16.249086380004883,-2.7618181705474854,1.9285441794636426e-06
4900,2.8669782636825403e-07,6.417490005493164,1.0,0.3967410624027252,16.74386978149414,-2.728551149368286,1.1495309308884316e-06
5000,1.760419792162793e-07,6.479864597320557,1.0,0.3969181776046753,17.171241760253906,-2.6913394927978516,6.526677225338062e-06
5100,1.1823947716038674e-05,6.609253406524658,1.0,0.38540560007095337,13.032005310058594,-3.7862961292266846,0.0005644285120069981
5200,5.782561402156716e-06,6.5000505447387695,1.0,0.3912504315376282,13.671939849853516,-3.49316668510437,0.0001566364080645144
5300,3.3969984087889316e-06,6.4006147384643555,1.0,0.394792765378952,14.207442283630371,-3.232102870941162,6.228591519175097e-05
5400,2.087475877488032e-06,6.310870170593262,1.0,0.3967410624027252,14.72675609588623,-2.9867825508117676,2.524721458030399e-05
5500,1.3349031178222504e-06,6.250129222869873,1.0,0.3969181776046753,15.219779968261719,-2.784733295440674,1.0347215720685199e-05
5600,8.46344732963189e-07,6.246884346008301,1.0,0.39727240800857544,15.712735176086426,-2.6578903198242188,4.311340944695985e-06
5700,5.037328492107918e-07,6.303473472595215,1.0,0.39727240800857544,16.2308349609375,-2.600266695022583,2.0411562218214385e-06
5800,2.9094286446706974e-07,6.378094673156738,1.0,0.3976266384124756,16.74138641357422,-2.5640323162078857,1.1727963737939717e-06
5900,2.554259777069092,8.295079231262207,0.43635398149490356,0.060396742075681686,-0.8075361847877502,-7.448733806610107,174.74636840820312
6000,1.2562587471620645e-05,6.387760639190674,1.0,0.390896201133728,12.917858123779297,-3.4852099418640137,0.00041652226354926825
6100,6.484094683401054e-06,6.300644874572754,1.0,0.3935529589653015,13.549603462219238,-3.2147634029388428,0.00014417042257264256
6200,3.8539715205843095e-06,6.216167449951172,1.0,0.3962096869945526,14.093189239501953,-2.9629251956939697,5.79182778892573e-05
6300,2.44016064243624e-06,6.134430885314941,1.0,0.39798086881637573,14.598919868469238,-2.7259891033172607,2.3955304641276598e-05
6400,1.6114952359203016e-06,6.078441143035889,1.0,0.398689329624176,15.078339576721191,-2.530949592590332,1.0144820407731459e-05
6500,1.0502327540962142e-06,6.081331729888916,1.0,0.398689329624176,15.559986114501953,-2.4121322631835938,4.391383299662266e-06
6600,6.316539611361804e-07,6.146053314208984,1.0,0.39904356002807617,16.07566261291504,-2.3543381690979004,2.140998731192667e-06
6700,3.580396708002809e-07,6.236678123474121,1.0,0.39851221442222595,16.609498977661133,-2.3253390789031982,6.192695764184464e-06
6800,2.171351297874935e-05,6.250394821166992,1.0,0.39266738295555115,12.464789390563965,-3.296130895614624,0.0015836425591260195
6900,8.348815754288808e-06,6.151927471160889,1.0,0.39656394720077515,13.329715728759766,-2.9535906314849854,0.00019259020336903632
7000,5.1031743169005495e-06,6.065850734710693,1.0,0.39780375361442566,13.847025871276855,-2.720686912536621,7.764375186525285e-05
7100,3.2957211715256562e-06,5.987371921539307,1.0,0.398689329624176,14.32896900177002,-2.504279613494873,3.24846914736554e-05
7200,2.223539240731043e-06,5.934457778930664,1.0,0.3993977904319763,14.785248756408691,-2.3252599239349365,1.3895352822146378e-05
7300,1.4926027915862505e-06,5.936807632446289,1.0,0.39922067523002625,15.240896224975586,-2.2158658504486084,6.167015726532554e-06
7400,9.164193670585519e-07,6.003215312957764,1.0,0.39904356002807617,15.753129959106445,-2.1635007858276367,2.9733357678196626e-06
7500,5.095618575978733e-07,6.107334136962891,1.0,0.39922067523002625,16.316621780395508,-2.139458179473877,1.0076057151309215e-05
7600,2.7238795155426487e-05,5.997929096221924,1.0,0.39532411098480225,12.164180755615234,-3.0012495517730713,0.0012249615974724293
7700,1.270045049750479e-05,5.9303812980651855,1.0,0.3974495232105255,12.892858505249023,-2.7378761768341064,0.00020796028547920287
7800,8.007323231140617e-06,5.8557329177856445,1.0,0.3981579840183258,13.396516799926758,-2.5187954902648926,8.838944631861523e-05
7900,5.245510692475364e-06,5.784025192260742,1.0,0.39904356002807617,13.890159606933594,-2.3038084506988525,3.884819307131693e-05
8000,3.562302481441293e-06,5.740458011627197,1.0,0.39975202083587646,14.352889060974121,-2.13262939453125,1.747175701893866e-05
8100,2.398694277871982e-06,5.750685691833496,1.0,0.3995749056339264,14.818556785583496,-2.029167890548706,8.195856935344636e-06
8200,1.4630143141403096e-06,5.8187384605407715,1.0,0.39904356002807617,15.345406532287598,-1.969933032989502,4.125951363675995e-06
8300,0.00043832353549078107,5.896539688110352,1.0,0.3846971392631531,9.8764066696167,-3.4298763275146484,0.08613432198762894
8400,1.5248398085532244e-05,5.743746757507324,1.0,0.39727240800857544,12.759454727172852,-2.505655288696289,0.0003073095576837659
8500,9.759707609191537e-06,5.682342529296875,1.0,0.3974495232105255,13.244111061096191,-2.2971391677856445,0.00012474182585719973
8600,6.693151135550579e-06,5.620913028717041,1.0,0.3983350992202759,13.690743446350098,-2.1028733253479004,5.37456180609297e-05
8700,4.681243353843456e-06,5.586453914642334,1.0,0.39975202083587646,14.122760772705078,-1.9419257640838623,2.3388520276057534e-05
8800,3.166535861964803e-06,5.609715461730957,1.0,0.39975202083587646,14.573310852050781,-1.8497562408447266,1.0692369869502727e-05
8900,1.8891010995503166e-06,5.697778224945068,1.0,0.3995749056339264,15.11622428894043,-1.8085370063781738,5.239746769802878e-06
9000,1.3385213613510132,6.840969562530518,0.648684561252594,0.13000354170799255,1.049831509590149,-5.74866247177124,302.0964660644531
9100,2.0185147150186822e-05,5.763215065002441,1.0,0.39709529280662537,12.481621742248535,-2.5407304763793945,0.0010710895294323564
9200,1.1106090823886916e-05,5.6725382804870605,1.0,0.3988664448261261,13.08541202545166,-2.2572293281555176,0.00020887413120362908
9300,7.819562597433105e-06,5.597409725189209,1.0,0.3995749056339264,13.487363815307617,-2.0510637760162354,8.700616308487952e-05
9400,5.55897668164107e-06,5.549543380737305,1.0,0.4002833962440491,13.89870834350586,-1.8805365562438965,3.767961970879696e-05
9500,3.841998022835469e-06,5.55010461807251,1.0,0.4001062512397766,14.339631080627441,-1.7643988132476807,1.6608233636361547e-05
9600,2.4093067167996196e-06,5.616169452667236,1.0,0.3995749056339264,14.852137565612793,-1.7071360349655151,7.649097824469209e-06
9700,1.3131711966707371e-06,5.737349987030029,1.0,0.39975202083587646,15.468131065368652,-1.6837655305862427,4.0701902435102966e-06
9800,4.3342604637146,5.17982292175293,0.06829657405614853,0.009741409681737423,-1.5461496114730835,-2.4079535007476807,14.298057556152344
9900,4.784321572515182e-05,5.662529468536377,1.0,0.39656394720077515,11.55783462524414,-2.626620054244995,0.0014557922258973122
10000,2.4216877136495896e-05,5.63380241394043,1.0,0.3969181776046753,12.241008758544922,-2.420442581176758,0.0002980225835926831
10100,1.4719478713232093e-05,5.579718589782715,1.0,0.3981579840183258,12.782262802124023,-2.2118606567382812,0.00012983196938876063
10200,9.26140091905836e-06,5.514037132263184,1.0,0.39904356002807617,13.320686340332031,-1.9799474477767944,5.718230750062503e-05
10300,6.250280421227217e-06,5.465554237365723,1.0,0.39922067523002625,13.814254760742188,-1.7768774032592773,2.603189932415262e-05
10400,4.336478923505638e-06,5.456264972686768,1.0,0.4002833962440491,14.27068042755127,-1.6301605701446533,1.3057939213467762e-05
10500,3.85583233833313,6.907511234283447,0.184958815574646,0.027453063055872917,-2.480869770050049,-5.7328362464904785,146.17141723632812
10600,2.913126809289679e-05,5.389030456542969,1.0,0.4006376266479492,12.121391296386719,-2.0661449432373047,0.0006479722214862704
10700,1.823539969336707e-05,5.336389541625977,1.0,0.4008147418498993,12.633191108703613,-1.869559407234192,0.00019638166122604162
10800,1.2857972251367755e-05,5.282571315765381,1.0,0.40116897225379944,13.057002067565918,-1.6931052207946777,8.711366535862908e-05
10900,8.89604962139856e-06,5.26792573928833,1.0,0.40099185705184937,13.504213333129883,-1.548802137374878,3.9341925003100187e-05
11000,5.636813057208201e-06,5.318397521972656,1.0,0.4006376266479492,14.020939826965332,-1.4626214504241943,1.8174710930907167e-05
11100,3.0919943583285203e-06,5.428473472595215,1.0,0.4008147418498993,14.650559425354004,-1.417357087135315,8.695950782566797e-06
11200,1.5053378774609882e-06,5.5742506980896,1.0,0.4013460874557495,15.370258331298828,-1.383436679840088,4.388323304738151e-06
11300,8.114099182421342e-05,5.547780513763428,1.0,0.39922067523002625,11.213292121887207,-2.497199773788452,0.01001881342381239
11400,1.5062737475091126e-05,5.477039337158203,1.0,0.4002833962440491,12.779351234436035,-1.9929496049880981,0.00027340679662302136
11500,1.0006804586737417e-05,5.403840065002441,1.0,0.4008147418498993,13.237513542175293,-1.7792500257492065,0.0001150343960034661
11600,7.120121608750196e-06,5.3346476554870605,1.0,0.4002833962440491,13.657380104064941,-1.5705158710479736,5.079916809336282e-05
11700,5.21940773978713e-06,5.304363250732422,1.0,0.40099185705184937,14.057574272155762,-1.4105898141860962,2.313853838131763e-05
11800,3.604372750487528e-06,5.341409206390381,1.0,0.40099185705184937,14.489896774291992,-1.3245259523391724,1.1274473763478454e-05
11900,2.1046150777692674e-06,5.442825794219971,1.0,0.40099185705184937,15.048405647277832,-1.2782206535339355,5.758423867519014e-06
12000,0.005070725455880165,5.879001617431641,1.0,0.36415159702301025,7.783327102661133,-3.878337860107422,1.666353464126587
12100,1.4915713109076023e-05,5.43199348449707,1.0,0.4002833962440491,12.764602661132812,-1.8331650495529175,0.0003213363524992019
12200,9.84555845207069e-06,5.362987518310547,1.0,0.4001062512397766,13.234343528747559,-1.6355233192443848,0.00012772840273100883
12300,7.107385499693919e-06,5.300328254699707,1.0,0.39992913603782654,13.639732360839844,-1.4565303325653076,5.6455202866345644e-05
12400,5.176229024073109e-06,5.2680983543396,1.0,0.4002833962440491,14.044807434082031,-1.3090248107910156,2.5674127755337395e-05
12500,3.5376249343244126e-06,5.298501014709473,1.0,0.4008147418498993,14.495701789855957,-1.217713475227356,1.2247658560227137e-05
12600,2.068881030936609e-06,5.399361610412598,1.0,0.40099185705184937,15.056890487670898,-1.1730419397354126,6.172222583700204e-06
12700,4.954157829284668,7.04998779296875,0.09035344421863556,0.02107686921954155,-3.614945888519287,-5.792065620422363,375.6818542480469
12800,3.0724884709343314e-05,5.346418380737305,1.0,0.4015232026576996,12.034587860107422,-1.9569270610809326,0.00104047532659024
12900,1.670990423008334e-05,5.301699161529541,1.0,0.40170031785964966,12.660304069519043,-1.7298853397369385,0.000229520708671771
13000,1.13078931462951e-05,5.240774631500244,1.0,0.40170031785964966,13.106768608093262,-1.5238951444625854,0.00010210768232354894
13100,7.9472947618342e-06,5.188138484954834,1.0,0.4015232026576996,13.548666954040527,-1.319065809249878,4.6606335672549903e-05
13200,5.786972451460315e-06,5.174946308135986,1.0,0.40116897225379944,13.960935592651367,-1.1709259748458862,2.2357944544637576e-05
13300,3.906782239937456e-06,5.218340873718262,1.0,0.40099185705184937,14.41991901397705,-1.0807307958602905,1.168541803053813e-05
13400,2.2039930627215654e-06,5.317924976348877,1.0,0.4008147418498993,15.018791198730469,-1.0133062601089478,6.179105184855871e-06
13500,0.00015657159383408725,5.1727447509765625,1.0,0.4002833962440491,10.554560661315918,-2.1043179035186768,0.01851557195186615
13600,2.262530142616015e-05,5.126840114593506,1.0,0.4013460874557495,12.343293190002441,-1.5435606241226196,0.00033693882869556546
13700,1.5295461707864888e-05,5.07576847076416,1.0,0.4015232026576996,12.801855087280273,-1.3499009609222412,0.00014546078455168754
13800,1.081804384739371e-05,5.029160976409912,1.0,0.40099185705184937,13.236557960510254,-1.1625654697418213,6.755086360499263e-05
13900,7.696458851569332e-06,5.02012825012207,1.0,0.4006376266479492,13.673095703125,-1.0200129747390747,3.2179883419303223e-05
14000,5.09494111611275e-06,5.06794548034668,1.0,0.4002833962440491,14.15401840209961,-0.9292657971382141,1.6010433682822622e-05
14100,2.8624779133679112e-06,5.171100616455078,1.0,0.40099185705184937,14.75847339630127,-0.8673842549324036,8.064740541158244e-06
14200,3.18993878364563,5.604109764099121,0.2272123247385025,0.028161529451608658,-1.2026575803756714,-3.7248756885528564,36.46857833862305
14300,2.5622388420742936e-05,5.116669178009033,1.0,0.4027630090713501,12.227112770080566,-1.529036521911621,0.0005996311083436012
14400,1.565190905239433e-05,5.060811996459961,1.0,0.4027630090713501,12.761186599731445,-1.3059061765670776,0.00019264627189841121
14500,1.1099858056695666e-05,4.998721599578857,1.0,0.4020545482635498,13.18410873413086,-1.1022368669509888,8.70947478688322e-05
14600,8.079491635726299e-06,4.957616806030273,1.0,0.40240877866744995,13.59716796875,-0.9250139594078064,4.096252450835891e-05
14700,5.741386303270701e-06,4.969900608062744,1.0,0.4013460874557495,14.022876739501953,-0.8103957176208496,1.9959034034400247e-05
14800,3.5479201869748067e-06,5.045351028442383,1.0,0.4008147418498993,14.549797058105469,-0.7391297817230225,1.0200723409070633e-05
14900,1.8335989580009482e-06,5.170264720916748,1.0,0.4013460874557495,15.215537071228027,-0.6799707412719727,5.297598818287952e-06
15000,6.505971396109089e-05,5.207245349884033,1.0,0.4034714698791504,11.441102027893066,-1.8179601430892944,0.007319740019738674
15100,1.0987264431605581e-05,5.095822334289551,1.0,0.4034714698791504,13.09426212310791,-1.2053697109222412,0.000203520423383452
15200,7.613870820932789e-06,5.020801067352295,1.0,0.40294012427330017,13.517293930053711,-0.9866370558738708,8.616135164629668e-05
15300,5.522736046259524e-06,4.971418380737305,1.0,0.4025858938694,13.925110816955566,-0.8012911677360535,3.827660111710429e-05
15400,3.90903096558759e-06,4.976590633392334,1.0,0.4022316634654999,14.358037948608398,-0.6777803301811218,1.7406251572538167e-05
15500,2.4582509468018543e-06,5.05031681060791,1.0,0.4020545482635498,14.875008583068848,-0.6100144386291504,8.372295269509777e-06
15600,1.311967366746103e-06,5.174708366394043,1.0,0.40187743306159973,15.50611400604248,-0.5669413805007935,4.293540314392885e-06
15700,6.382432502505253e-07,5.312423229217529,1.0,0.40170031785964966,16.186359405517578,-0.5193531513214111,2.512078253857908e-06
15800,0.0001246731262654066,5.376089096069336,1.0,0.4002833962440491,11.005451202392578,-2.112454891204834,0.021961847320199013
15900,8.053219062276185e-06,5.224231719970703,1.0,0.4022316634654999,13.343071937561035,-1.260096788406372,0.00021222657233010978
16000,5.3159005801717285e-06,5.122807025909424,1.0,0.40294012427330017,13.803074836730957,-1.0026285648345947,8.726846863282844e-05
16100,3.764826487895334e-06,5.039063453674316,1.0,0.4027630090713501,14.221893310546875,-0.7767800688743591,3.8477766793221235e-05
16200,2.73424006991263e-06,4.994961738586426,1.0,0.4027630090713501,14.6326265335083,-0.5887961983680725,1.7209928046213463e-05
16300,1.9258175143477274e-06,5.0162153244018555,1.0,0.4025858938694,15.063268661499023,-0.4749796390533447,8.043842171900906e-06
16400,1.1738137573047425e-06,5.104270935058594,1.0,0.40240877866744995,15.587745666503906,-0.42202383279800415,4.115043338970281e-06
16500,6.200276061463228e-07,5.22577428817749,1.0,0.4025858938694,16.204021453857422,-0.3793303072452545,2.6766761038743425e-06
16600,4.467351391213015e-05,5.1202921867370605,1.0,0.4025858938694,11.82323169708252,-1.545522928237915,0.005103687290102243
16700,8.464572601951659e-06,5.03640604019165,1.0,0.4034714698791504,13.273232460021973,-1.0086034536361694,0.00019785008043982089
16800,5.640961262542987e-06,4.961210250854492,1.0,0.40311723947525024,13.721932411193848,-0.7925731539726257,8.308546239277348e-05
16900,3.957594799430808e-06,4.897310733795166,1.0,0.40435707569122314,14.152849197387695,-0.5882916450500488,3.6993635148974136e-05
17000,2.8045994895364856e-06,4.875733852386475,1.0,0.4045341908931732,14.58860969543457,-0.4220797121524811,1.662640534050297e-05
17100,1.8808326558428234e-06,4.920759677886963,1.0,0.4045341908931732,15.066976547241211,-0.32603031396865845,7.867906788305845e-06
17200,1.0857769439098774e-06,5.023322582244873,1.0,0.40311723947525024,15.644912719726562,-0.27405548095703125,3.9758369894116186e-06
17300,5.517587169379112e-07,5.146998405456543,1.0,0.40240877866744995,16.289186477661133,-0.22160735726356506,2.300972710145288e-06
17400,2.082726132357493e-05,5.411163806915283,1.0,0.40488842129707336,13.100752830505371,-1.353847861289978,0.0002346635883441195
17500,3.665382610051893e-05,4.967144966125488,1.0,0.4032943546772003,11.774529457092285,-1.4217320680618286,0.001181160332635045
17600,1.7202466551680118e-05,4.916633605957031,1.0,0.40311723947525024,12.502922058105469,-1.1444940567016602,0.0002524785522837192
17700,1.0466401363373734e-05,4.860639572143555,1.0,0.4027630090713501,13.041024208068848,-0.9102379083633423,0.0001120955785154365
17800,6.488789040304255e-06,4.798856258392334,1.0,0.40417996048927307,13.600110054016113,-0.6585102677345276,5.095122833154164e-05
17900,4.2749261410790496e-06,4.752655506134033,1.0,0.40488842129707336,14.12744140625,-0.4261941909790039,2.347620284126606e-05
18000,2.955013087557745e-06,4.744385719299316,1.0,0.40417996048927307,14.600564002990723,-0.253059059381485,1.1595698197197635e-05
18100,1.9096291907771956e-06,4.786337852478027,1.0,0.40364858508110046,15.112682342529297,-0.13266323506832123,6.227113772183657e-06
18200,0.000712475914042443,5.005650997161865,1.0,0.4006376266479492,9.478117942810059,-2.1443281173706055,0.14179570972919464
18300,1.1332241228956264e-05,4.684093475341797,1.0,0.40577399730682373,12.987405776977539,-0.6454738974571228,0.00021930973161943257
18400,7.767830538796261e-06,4.585138320922852,1.0,0.4071909189224243,13.424979209899902,-0.3884861469268799,9.130437683779746e-05
18500,5.716390205634525e-06,4.521346092224121,1.0,0.40630534291267395,13.827749252319336,-0.18269692361354828,4.219291440676898e-05
18600,4.16566444982891e-06,4.51993989944458,1.0,0.4054197669029236,14.248114585876465,-0.04310709983110428,1.961676935025025e-05
18700,2.7171331566933077e-06,4.589433670043945,1.0,0.4052426517009735,14.743782043457031,0.03332725539803505,9.610698725737166e-06
18800,1.4789807210036088e-06,4.707401275634766,1.0,0.4052426517009735,15.367006301879883,0.0858800932765007,4.956794327881653e-06
18900,7.145270615183108e-07,4.838622093200684,1.0,0.40559688210487366,16.064851760864258,0.1509823203086853,2.5722276859596604e-06
19000,7.411549177049892e-06,5.22058629989624,1.0,0.40170031785964966,14.23476791381836,-0.8001549243927002,0.00020109093748033047
19100,1.5891575458226725e-05,4.6746439933776855,1.0,0.4084307551383972,12.658677101135254,-0.7024654746055603,0.00046569632831960917
19200,8.85999088495737e-06,4.591862201690674,1.0,0.4086078703403473,13.250624656677246,-0.4347314238548279,0.00014976799138821661
19300,5.941437848377973e-06,4.520354747772217,1.0,0.40772226452827454,13.696444511413574,-0.20663954317569733,6.718627264490351e-05
19400,4.135062226851005e-06,4.471920490264893,1.0,0.40701380372047424,14.139721870422363,0.0052195219323039055,3.1641782697988674e-05
19500,2.9389516384981107e-06,4.47190523147583,1.0,0.406482458114624,14.582573890686035,0.15954387187957764,1.5242652807501145e-05
19600,1.9727028757188236e-06,4.5264482498168945,1.0,0.406482458114624,15.058313369750977,0.2495170384645462,7.491412361559924e-06
19700,1.127878817896999e-06,4.624313831329346,1.0,0.40630534291267395,15.635993003845215,0.3153952956199646,3.886860667989822e-06
19800,5.631315502796497e-07,4.738765239715576,1.0,0.40630534291267395,16.2948055267334,0.39532533288002014,3.0451230941253016e-06
19900,1.793195951904636e-05,4.682186126708984,1.0,0.41091036796569824,12.585800170898438,-0.7020585536956787,0.0009976214496418834
20000,7.411721981043229e-06,4.533961296081543,1.0,0.4086078703403473,13.405406951904297,-0.2917238175868988,0.00016721905558370054
20100,4.995529252482811e-06,4.4232306480407715,1.0,0.40825363993644714,13.844891548156738,-0.023357771337032318,7.255777745740488e-05
20200,3.504930191411404e-06,4.351626873016357,1.0,0.40896210074424744,14.278120994567871,0.20985761284828186,3.2686057238606736e-05
20300,2.4643331926199608e-06,4.339440822601318,1.0,0.4093163311481476,14.72709846496582,0.3793935775756836,1.4591366380045656e-05
20400,1.6117803625093075e-06,4.395248889923096,1.0,0.40878498554229736,15.225372314453125,0.4788132905960083,6.765777470718604e-06
20500,9.093232051782252e-07,4.497463226318359,1.0,0.40825363993644714,15.814900398254395,0.5484173893928528,3.4687914194364566e-06
20600,4.57956247146285e-07,4.609374046325684,1.0,0.40807652473449707,16.444944381713867,0.622358500957489,1.937514525707229e-06
20700,2.395590286141669e-07,4.704986095428467,1.0,0.4084307551383972,17.03141212463379,0.7050620317459106,6.134653631306719e-06
20800,2.883541674236767e-05,4.704727649688721,1.0,0.4125044345855713,12.241497039794922,-0.7947611808776855,0.002747614635154605
20900,6.817609119025292e-06,4.505312919616699,1.0,0.4112645983695984,13.45993709564209,-0.19358912110328674,0.00017068795568775386
21000,4.378166067908751e-06,4.376402378082275,1.0,0.41144171357154846,13.916102409362793,0.11231137812137604,7.417619781335816e-05
21100,2.9905879728175933e-06,4.276854515075684,1.0,0.41339001059532166,14.35383415222168,0.3740070164203644,3.446947084739804e-05
21200,2.059883627225645e-06,4.22590446472168,1.0,0.4139213562011719,14.804038047790527,0.582737386226654,1.597589289303869e-05
21300,1.3778603715763893e-06,4.2393479347229,1.0,0.4130357801914215,15.294487953186035,0.7273233532905579,7.327589628403075e-06
21400,8.372527418032405e-07,4.312192916870117,1.0,0.4123273193836212,15.842490196228027,0.8174553513526917,3.550690053089056e-06
21500,4.5738602238998283e-07,4.412166595458984,1.0,0.41215020418167114,16.425310134887695,0.8869961500167847,2.0025120193167822e-06
21600,2.4228344841503713e-07,4.502800464630127,1.0,0.41144171357154846,16.989727020263672,0.9683243036270142,3.6131420984020224e-06
21700,0.00010221863340120763,4.530627727508545,1.0,0.4164009988307953,11.263899803161621,-0.8764119744300842,0.017650121822953224
21800,7.450964858435327e-06,4.245695114135742,1.0,0.41994333267211914,13.355134963989258,0.10109588503837585,0.0002030571486102417
21900,4.683551651396556e-06,4.119587421417236,1.0,0.41994333267211914,13.820137977600098,0.3992018401622772,8.718336903257295e-05
22000,3.1116962873056764e-06,4.026153087615967,1.0,0.4210060238838196,14.276535034179688,0.6594740748405457,3.969643512391485e-05
22100,2.1094299427204533e-06,3.9827020168304443,1.0,0.4208289086818695,14.750868797302246,0.8714248538017273,1.7936876247404143e-05
22200,1.4275651665229816e-06,4.0038580894470215,1.0,0.4183492660522461,15.23652172088623,1.0059934854507446,8.138890734699089e-06
22300,8.9462400865159e-07,4.077696800231934,1.0,0.41604676842689514,15.761180877685547,1.0900920629501343,3.897359874827089e-06
22400,4.954011956215254e-07,4.1782402992248535,1.0,0.41551539301872253,16.33860206604004,1.1587780714035034,2.1145347091078293e-06
22500,2.6220970994472736e-07,4.275339603424072,1.0,0.4151611626148224,16.915658950805664,1.234992504119873,1.7590148218005197e-06
22600,1.5947368581237242e-07,4.346580982208252,1.0,0.41657811403274536,17.364017486572266,1.3197704553604126,2.4778733859420754e-05
22700,1.3748312994721346e-05,3.9922711849212646,1.0,0.42826780676841736,12.784476280212402,0.28824135661125183,0.0004399928147904575
22800,7.193704732344486e-06,3.8790674209594727,1.0,0.4293304979801178,13.392810821533203,0.6094130873680115,0.0001373261329717934
22900,4.6189270506147295e-06,3.797487258911133,1.0,0.4279135763645172,13.85959529876709,0.8526207208633423,6.133626447990537e-05
23000,3.0716535093233688e-06,3.7472400665283203,1.0,0.4273822009563446,14.33101749420166,1.0638326406478882,2.811384911183268e-05
23100,2.107307636833866e-06,3.742896318435669,1.0,0.42578816413879395,14.801392555236816,1.2246425151824951,1.346277986158384e-05
23200,1.4104899719313835e-06,3.78959584236145,1.0,0.42330852150917053,15.290923118591309,1.32986581325531,6.646201654803008e-06
23300,8.439370731139206e-07,3.8701748847961426,1.0,0.4215373694896698,15.850419044494629,1.4145517349243164,3.333390395710012e-06
23400,4.433520928159851e-07,3.9615211486816406,1.0,0.42118313908576965,16.469058990478516,1.5079482793807983,1.9102380974800326e-06
23500,2.2742584349089157e-07,4.045973777770996,1.0,0.4213602542877197,17.063934326171875,1.60862398147583,5.736209004680859e-06
23600,0.00019480926857795566,3.7167809009552,1.0,0.42649662494659424,10.408573150634766,-0.10781433433294296,0.02057953178882599
23700,1.6190064343390986e-05,3.477132558822632,1.0,0.4390718936920166,12.562582969665527,0.8412131071090698,0.00031380116706714034
23800,9.565161235514097e-06,3.4252068996429443,1.0,0.4392490088939667,13.094253540039062,1.0668407678604126,0.00013030748232267797
23900,5.9231269915471785e-06,3.3933749198913574,1.0,0.43942612409591675,13.622315406799316,1.2745260000228882,5.785659232060425e-05
24000,3.754340923478594e-06,3.3878602981567383,1.0,0.43730074167251587,14.165831565856934,1.4650592803955078,2.6555258955340832e-05
24100,2.467374315529014e-06,3.4250600337982178,1.0,0.4325186014175415,14.692352294921875,1.602348804473877,1.2757236618199386e-05
24200,1.6124455441968166e-06,3.502088785171509,1.0,0.43092453479766846,15.206647872924805,1.690497875213623,6.38926667306805e-06
24300,9.464196750741394e-07,3.5951004028320312,1.0,0.43092453479766846,15.778249740600586,1.7733914852142334,3.2816956263559405e-06
24400,4.837748974750866e-07,3.684809446334839,1.0,0.4293304979801178,16.41717529296875,1.8809752464294434,2.0416239294718252e-06
24500,0.01879296451807022,4.644714832305908,0.9970768094062805,0.394792765378952,7.7031402587890625,-2.130049467086792,8.253875732421875
24600,8.493961104250047e-06,3.531801462173462,1.0,0.4408430755138397,13.265972137451172,1.010791301727295,0.00022877956507727504
24700,4.9327081796946e-06,3.402247667312622,1.0,0.4410201907157898,13.79808521270752,1.3534892797470093,9.055968257598579e-05
24800,3.2006826131691923e-06,3.304267168045044,1.0,0.44509387016296387,14.275293350219727,1.6413654088974,4.0237995563074946e-05
24900,2.1526407181227114e-06,3.257418155670166,1.0,0.44385406374931335,14.760662078857422,1.8631442785263062,1.8002705473918468e-05
25000,1.4598779216612456e-06,3.277383804321289,1.0,0.4434998035430908,15.248156547546387,2.001735210418701,8.10895289760083e-06
25100,9.231353601535375e-07,3.347482204437256,1.0,0.4422599971294403,15.764702796936035,2.0895838737487793,3.8233988561842125e-06
25200,5.218217324909347e-07,3.4293911457061768,1.0,0.4403117299079895,16.325956344604492,2.1766910552978516,2.0941351976944134e-06
25300,2.79981804851559e-07,3.5066823959350586,1.0,0.43942612409591675,16.88527488708496,2.276305913925171,1.236793309544737e-06
25400,1.547217891584296e-07,3.5730106830596924,1.0,0.43818631768226624,17.381797790527344,2.3676280975341797,2.7456867428554688e-06
25500,0.00014257988368626684,3.686183452606201,1.0,0.43995749950408936,11.07496452331543,0.18628664314746857,0.02257455140352249
25600,6.28365705779288e-06,3.2890946865081787,1.0,0.45235565304756165,13.56883430480957,1.4868508577346802,0.00018849018670152873
25700,3.7394502214738168e-06,3.15290904045105,1.0,0.4564293324947357,14.072554588317871,1.817704677581787,7.794484554324299e-05
25800,2.4183332243410405e-06,3.0475997924804688,1.0,0.45873183012008667,14.545185089111328,2.102656364440918,3.452180317253806e-05
25900,1.6200166328417254e-06,2.9923951625823975,1.0,0.4629826247692108,15.018406867980957,2.3243556022644043,1.5439400158356875e-05
26000,1.0961678071907954e-06,3.001927614212036,1.0,0.4643995761871338,15.4952974319458,2.4609689712524414,6.9290827013901435e-06
26100,7.095217142705224e-07,3.060927391052246,1.0,0.46138858795166016,15.992995262145996,2.549116373062134,3.29915246766177e-06
26200,4.15791078012262e-07,3.137533664703369,1.0,0.4578462541103363,16.51751708984375,2.6307661533355713,1.786134930625849e-06
26300,2.3258957071448094e-07,3.2118818759918213,1.0,0.45483526587486267,17.040964126586914,2.720785140991211,1.2150636621299782e-06
26400,1.2991688436159166e-07,3.2789368629455566,1.0,0.4553666114807129,17.506120681762695,2.804344654083252,7.960255970829166e-06
26500,0.0003388342447578907,3.6358823776245117,1.0,0.4417286515235901,10.349637031555176,0.005963645875453949,0.06641336530447006
26600,5.857700671185739e-06,3.082667112350464,1.0,0.46333688497543335,13.615817070007324,1.7661477327346802,0.00017806801770348102
26700,3.4251609122293303e-06,2.9312050342559814,1.0,0.4670563042163849,14.140257835388184,2.122846841812134,7.142817776184529e-05
26800,2.186029405493173e-06,2.809687376022339,1.0,0.4713071286678314,14.63106632232666,2.4346938133239746,3.1531566492049024e-05
26900,1.4502791145787342e-06,2.735240936279297,1.0,0.47697484493255615,15.119780540466309,2.6925809383392334,1.4129893315839581e-05
27000,9.793661774892826e-07,2.7261977195739746,1.0,0.4780375361442566,15.603754997253418,2.8679115772247314,6.381734237947967e-06
27100,6.347585213006823e-07,2.7730817794799805,1.0,0.47839176654815674,16.099668502807617,2.977654218673706,3.0838862130622147e-06
27200,3.730239939159219e-07,2.84194278717041,1.0,0.476620614528656,16.619277954101562,3.0697195529937744,1.6912663340917788e-06
27300,2.1044571951733815e-07,2.910795211791992,1.0,0.4753808081150055,17.133134841918945,3.1661393642425537,1.143507120104914e-06
27400,1.1537608202161209e-07,2.970867872238159,1.0,0.4736096262931824,17.593629837036133,3.255498170852661,4.377943696454167e-06
27500,7.793112644094435e-08,3.012864112854004,1.0,0.47059863805770874,17.89600372314453,3.3337388038635254,1.328260714217322e-05
27600,8.841438102535903e-06,2.6167356967926025,1.0,0.4936237931251526,13.23983383178711,2.2360129356384277,0.00032232009107246995
27700,4.478649771044729e-06,2.4788670539855957,1.0,0.5030109882354736,13.870216369628906,2.624384641647339,0.000104757200460881
27800,2.800828269755584e-06,2.381298303604126,1.0,0.5116896629333496,14.371480941772461,2.9157209396362305,4.508128040470183e-05
27900,1.8357209228270222e-06,2.323099374771118,1.0,0.5157633423805237,14.862958908081055,3.1547043323516846,2.033551390923094e-05
28000,1.2390415804475197e-06,2.3178155422210693,1.0,0.5182430148124695,15.343974113464355,3.3290140628814697,9.406872777617536e-06
28100,8.345600122083852e-07,2.3650331497192383,1.0,0.5123981237411499,15.829042434692383,3.4372689723968506,4.513271505857119e-06
28200,5.153274855729251e-07,2.436246156692505,1.0,0.5079702138900757,16.3413143157959,3.5258748531341553,2.321669171578833e-06
28300,2.9233675036266504e-07,2.509917974472046,1.0,0.5037194490432739,16.87083625793457,3.6186680793762207,1.2973424645679188e-06
28400,1.6260995039374393e-07,2.5710253715515137,1.0,0.5028338432312012,17.374290466308594,3.723233222961426,1.5658623624403845e-06
28500,9.747726892328501e-08,2.6198196411132812,1.0,0.5014169216156006,17.770532608032227,3.8145735263824463,1.0571462553343736e-05
28600,7.770847332722042e-06,2.472071886062622,1.0,0.5099185109138489,13.408544540405273,2.5497210025787354,0.00040842118323780596
28700,3.374284005985828e-06,2.287210702896118,1.0,0.5251505374908447,14.166711807250977,3.044769048690796,8.35591199574992e-05
28800,2.1566306713793892e-06,2.156930923461914,1.0,0.5354232788085938,14.647378921508789,3.377873182296753,3.6597273719962686e-05
28900,1.4530985481542302e-06,2.065204620361328,1.0,0.5421537160873413,15.118264198303223,3.6563000679016113,1.6728627088014036e-05
29000,1.0052482366518234e-06,2.035578727722168,1.0,0.5458731651306152,15.580483436584473,3.8469436168670654,7.685636774112936e-06
29100,6.851286116216215e-07,2.0689783096313477,1.0,0.5449876189231873,16.042829513549805,3.9547367095947266,3.5492830647854134e-06
29200,4.2760746055137133e-07,2.126218318939209,1.0,0.5402054786682129,16.530200958251953,4.044945240020752,1.8982586880156305e-06
29300,2.4760555561442743e-07,2.1859536170959473,1.0,0.5363088846206665,17.02443504333496,4.143124580383301,1.2305213203944732e-06
29400,1.3951571986581257e-07,2.2345783710479736,1.0,0.5352461934089661,17.49964714050293,4.251613140106201,1.7260246067962726e-06
29500,3.297202056273818e-05,2.318734645843506,1.0,0.5301098227500916,12.222366333007812,2.381579637527466,0.0034516574814915657
29600,5.185821009945357e-06,1.9868788719177246,1.0,0.5568544268608093,13.744729042053223,3.326449155807495,0.00014167409972287714
29700,3.1844938348513097e-06,1.844817042350769,1.0,0.5724406838417053,14.229856491088867,3.68493390083313,6.13371521467343e-05
29800,2.069228230539011e-06,1.7386162281036377,1.0,0.5862557291984558,14.71103286743164,3.9971883296966553,2.7893667720491067e-05
29900,1.3780186236544978e-06,1.6804825067520142,1.0,0.5968827605247498,15.199287414550781,4.253964424133301,1.2623596376215573e-05
30000,9.15025509584666e-07,1.6800503730773926,1.0,0.6009564399719238,15.69861125946045,4.42915678024292,5.621517175313784e-06
30100,5.688338546860905e-07,1.7191270589828491,1.0,0.5979454517364502,16.218698501586914,4.551614761352539,2.6833874926524004e-06
30200,3.2727905363572063e-07,1.7676520347595215,1.0,0.5929861664772034,16.74848747253418,4.668070316314697,1.5026134860818274e-06
30300,1.8377173205408326e-07,1.8148669004440308,1.0,0.59068363904953,17.25041961669922,4.785125255584717,1.1197304274901398e-06
30400,1.0603068290038209e-07,1.8608286380767822,1.0,0.5864328742027283,17.681941986083984,4.884646415710449,6.691649105050601e-06
30500,7.713914129681143e-08,1.9085677862167358,1.0,0.5809422731399536,17.89813232421875,4.9249677658081055,2.2989246645011008e-05
30600,9.195622624247335e-06,1.8123852014541626,1.0,0.5919234752655029,13.269177436828613,3.4932286739349365,0.0005290250410325825
30700,3.81009317607095e-06,1.6164886951446533,1.0,0.611583411693573,14.043270111083984,4.0312652587890625,0.00010089934221468866
30800,2.3429995508195134e-06,1.4828473329544067,1.0,0.6303577423095703,14.54047679901123,4.397606372833252,4.3610725697362795e-05
30900,1.5230147027978092e-06,1.386527419090271,1.0,0.6477152109146118,15.028002738952637,4.71405029296875,1.960458939720411e-05
31000,1.0181416882915073e-06,1.3360530138015747,1.0,0.6546227335929871,15.517984390258789,4.96058464050293,8.865355084708426e-06
31100,6.813904747104971e-07,1.3336068391799927,1.0,0.6588735580444336,16.00557518005371,5.1340227127075195,4.056811121699866e-06
31200,4.2960326140928373e-07,1.3609809875488281,1.0,0.6572794914245605,16.498735427856445,5.260948657989502,2.0176837551844073e-06
31300,2.530860854221828e-07,1.3983986377716064,1.0,0.6539142727851868,16.987163543701172,5.377261638641357,1.1169103117936174e-06
31400,1.4607333298499725e-07,1.4337255954742432,1.0,0.6503719091415405,17.452991485595703,5.498579025268555,1.1738732155208709e-06
31500,8.936736151099467e-08,1.4686076641082764,1.0,0.6498405933380127,17.840951919555664,5.601055145263672,3.851923338515917e-06
31600,5.7688041010806046e-08,1.498778223991394,1.0,0.6425787806510925,18.086387634277344,5.671167373657227,1.0794645277201198e-05
31700,0.001244923216290772,2.4272727966308594,1.0,0.5274530649185181,9.863574028015137,1.5126392841339111,1.0110770463943481
31800,5.783093456557253e-06,1.3292351961135864,1.0,0.6680836081504822,13.66197395324707,4.403866767883301,0.00018954771803691983
31900,3.2007446861825883e-06,1.1958893537521362,1.0,0.691108763217926,14.22028636932373,4.813894748687744,7.270417700055987e-05
32000,1.9951621652580798e-06,1.0893372297286987,1.0,0.706695020198822,14.724641799926758,5.170443534851074,3.208978159818798e-05
32100,1.2834874496547855e-06,1.0128501653671265,1.0,0.7185618281364441,15.23183822631836,5.481503963470459,1.4449014997808263e-05
32200,8.417828780693526e-07,0.9769546389579773,1.0,0.7288345694541931,15.745522499084473,5.7262420654296875,6.51290747555322e-06
32300,5.406709533417597e-07,0.9782177805900574,1.0,0.730959951877594,16.259986877441406,5.907315254211426,3.0080420856393175e-06
32400,3.307637825855636e-07,0.9976639151573181,1.0,0.730074405670166,16.760536193847656,6.056109428405762,1.5139279412323958e-06
32500,1.9561980479920749e-07,1.0209907293319702,1.0,0.7251151204109192,17.2354679107666,6.189469814300537,9.594530183676397e-07
32600,1.1559784240944282e-07,1.0455890893936157,1.0,0.7194473743438721,17.664316177368164,6.311942100524902,1.1779064834627206e-06
32700,7.419296821353782e-08,1.0656793117523193,1.0,0.7155508399009705,17.99336814880371,6.418270111083984,5.452919594972627e-06
32800,4.6220126392881866e-08,1.099906325340271,1.0,0.7098830938339233,18.184864044189453,6.447840690612793,8.759314368944615e-06
32900,3.180603869168408e-08,1.1342687606811523,1.0,0.705100953578949,18.284244537353516,6.436877250671387,1.259285636479035e-05
33000,3.915563695500168e-08,1.1370203495025635,1.0,0.7031526565551758,18.311302185058594,6.454983234405518,8.338012776221149e-06
33100,4.4541124566421786e-08,1.138656497001648,1.0,0.7052780389785767,18.293169021606445,6.459408283233643,1.9179266018909402e-05
33200,3.6874727271651864e-08,1.1175957918167114,1.0,0.7042153477668762,18.35190773010254,6.522039890289307,1.6104435417219065e-05
33300,3.975754481189142e-08,1.0963445901870728,1.0,0.7082890272140503,18.38155746459961,6.581000328063965,8.949162292992696e-06
33400,4.257700680909693e-08,1.0818257331848145,1.0,0.709174633026123,18.38860321044922,6.618798732757568,9.015767318487633e-06
33500,5.0655231120799726e-08,1.0700265169143677,1.0,0.71448814868927,18.37607192993164,6.640890598297119,1.022400647343602e-05
33600,3.636785805838372e-08,1.046350359916687,1.0,0.7185618281364441,18.431188583374023,6.710210800170898,7.264944088092307e-06
33700,3.2534661187355596e-08,1.024011254310608,1.0,0.7217499017715454,18.4503231048584,6.76636266708374,7.236303190438775e-06
33800,4.248196816547534e-08,1.0115550756454468,1.0,0.7279489636421204,18.44144630432129,6.793899059295654,9.119577043747995e-06
33900,5.44250724487938e-08,0.9943063259124756,1.0,0.7336167097091675,18.391082763671875,6.819534778594971,1.4135578567220364e-05
34000,3.598770703661103e-08,0.96509850025177,1.0,0.7389302253723145,18.476572036743164,6.903069972991943,9.749178389029112e-06
34100,3.554419691909061e-08,0.9515796303749084,1.0,0.7401700019836426,18.485647201538086,6.93922758102417,8.463340236630756e-06
34200,4.6188446845008e-08,0.938133716583252,1.0,0.7447750568389893,18.476058959960938,6.967219352722168,7.481646207452286e-06
34300,4.4541124566421786e-08,0.920706033706665,1.0,0.7477860450744629,18.484487533569336,7.00847053527832,7.913773515610956e-06
34400,5.0591872025052e-08,0.91010582447052,1.0,0.7523910403251648,18.48493003845215,7.035529136657715,7.370711500698235e-06
34500,4.9894929077254346e-08,0.8949520587921143,1.0,0.755933403968811,18.46381378173828,7.065311431884766,1.4950165677873883e-05
34600,4.793081131992949e-08,0.8772882223129272,1.0,0.7555791735649109,18.499305725097656,7.115435600280762,1.0646988812368363e-05
34700,4.679035470189774e-08,0.8626299500465393,1.0,0.7603613138198853,18.50179672241211,7.15450382232666,1.0740677680587396e-05
34800,4.207013759582878e-08,0.8469140529632568,1.0,0.7662061452865601,18.52417755126953,7.192562103271484,8.307792086270638e-06
34900,4.4984634683942204e-08,0.8307361602783203,1.0,0.7701027393341064,18.53146743774414,7.231935501098633,8.525678822479676e-06
35000,4.365410077866727e-08,0.816947877407074,1.0,0.7725823521614075,18.537132263183594,7.264721393585205,9.126152690441813e-06
35100,3.959915062523578e-08,0.8015942573547363,1.0,0.7770102620124817,18.55030059814453,7.306035041809082,8.51023469294887e-06
35200,4.7138826175796567e-08,0.7916780710220337,1.0,0.7789585590362549,18.54404067993164,7.329864025115967,8.228024853451643e-06
35300,4.717050572367043e-08,0.7742805480957031,1.0,0.7851576209068298,18.54763412475586,7.369177341461182,7.651175110368058e-06
35400,4.7962490867803353e-08,0.7642061710357666,1.0,0.7856889963150024,18.565322875976562,7.400028705596924,7.92826813267311e-06
35500,4.523806751421944e-08,0.7534996867179871,1.0,0.7886999845504761,18.560461044311523,7.426130771636963,9.302021680923644e-06
35600,4.6188446845008e-08,0.7391860485076904,1.0,0.7934821248054504,18.5753173828125,7.462221622467041,7.208984698081622e-06
35700,4.561821853599213e-08,0.7298441529273987,1.0,0.7963159680366516,18.58247184753418,7.491745948791504,8.717373930267058e-06
35800,4.5744936727487584e-08,0.7175946831703186,1.0,0.7998582720756531,18.584875106811523,7.52260160446167,9.900299119181e-06
35900,5.0338439194774764e-08,0.7068721055984497,1.0,0.8030464053153992,18.587047576904297,7.549962043762207,7.476825430785539e-06
36000,5.280942616536777e-08,0.6969173550605774,1.0,0.8032234907150269,18.577070236206055,7.575981616973877,1.0304149327566847e-05
36100,5.100370614741223e-08,0.6851675510406494,1.0,0.8051717877388,18.591495513916016,7.6068806648254395,8.013107617443893e-06
36200,4.143655019106518e-08,0.6752817630767822,1.0,0.8076514005661011,18.61290740966797,7.640918254852295,1.0180380741076078e-05
36300,4.615676729713414e-08,0.6642935276031494,1.0,0.8094226121902466,18.61052894592285,7.664287090301514,6.638050308538368e-06
36400,4.365410077866727e-08,0.6533908247947693,1.0,0.8134962916374207,18.623001098632812,7.695252895355225,8.59108149597887e-06
36500,4.8881190650718054e-08,0.6438931226730347,1.0,0.8161530494689941,18.618532180786133,7.724287509918213,7.5766065492643975e-06
36600,5.014836190753158e-08,0.6334580183029175,1.0,0.8168615102767944,18.61658477783203,7.750998497009277,8.540164344594814e-06
36700,5.521705404021304e-08,0.6254420280456543,1.0,0.8195182085037231,18.61512565612793,7.772912979125977,9.646229045756627e-06
36800,5.3949882783399516e-08,0.6169299483299255,1.0,0.8264257907867432,18.61728858947754,7.796196937561035,8.958902981248684e-06
36900,4.577661627536145e-08,0.6031416058540344,1.0,0.8308537006378174,18.644441604614258,7.8385009765625,8.03746297606267e-06
37000,4.894454974646578e-08,0.596570611000061,1.0,0.8303223252296448,18.641803741455078,7.858401298522949,7.156736501201522e-06
37100,5.4615146183323304e-08,0.5863333344459534,1.0,0.8356358408927917,18.634334564208984,7.8804402351379395,6.703290182485944e-06
37200,4.913462348099529e-08,0.5766313076019287,1.0,0.8388239145278931,18.64812469482422,7.912931442260742,8.821852134133223e-06
37300,5.268270797387231e-08,0.5677027702331543,1.0,0.8398866653442383,18.650245666503906,7.937260627746582,8.845523552736267e-06
37400,4.504799377968993e-08,0.5596402287483215,1.0,0.8439603447914124,18.667530059814453,7.966962814331055,7.4257541200495325e-06
37500,5.987391205053427e-08,0.5530831217765808,1.0,0.8432518243789673,18.64034652709961,7.973552703857422,7.908356565167196e-06
37600,5.765636146293218e-08,0.5429903268814087,1.0,0.8476797342300415,18.65230941772461,8.009037971496582,6.954695891181473e-06
37700,3.728655784129842e-08,0.5346631407737732,1.0,0.8485653400421143,18.68959617614746,8.043684005737305,8.70310304890154e-06
37800,4.970485179001116e-08,0.524817705154419,1.0,0.8522847890853882,18.678447723388672,8.06544303894043,8.105732376861852e-06
37900,5.280942616536777e-08,0.5178622007369995,1.0,0.8531703948974609,18.68035316467285,8.091421127319336,7.623403689649422e-06
38000,5.1098741238320144e-08,0.5097173452377319,1.0,0.8549415469169617,18.677095413208008,8.113061904907227,8.676999641465954e-06
38100,5.816323067620033e-08,0.5013116002082825,1.0,0.8583067655563354,18.665918350219727,8.134101867675781,7.658563845325261e-06
38200,5.0813628860169047e-08,0.49273476004600525,1.0,0.8614948391914368,18.698183059692383,8.166193962097168,5.4920583352213725e-06
38300,5.3569731761626826e-08,0.4844989776611328,1.0,0.8636202812194824,18.68866729736328,8.190348625183105,5.901948043174343e-06
38400,4.960981314638957e-08,0.47688451409339905,1.0,0.8684024214744568,18.703489303588867,8.220747947692871,5.681029051629594e-06
38500,5.426667470942448e-08,0.4699232280254364,1.0,0.8676939606666565,18.693912506103516,8.237385749816895,8.083256034296937e-06
38600,5.189072638245307e-08,0.46317991614341736,1.0,0.8687566518783569,18.694435119628906,8.261055946350098,8.809152859612368e-06
38700,5.8986895368207115e-08,0.4547886550426483,1.0,0.873715877532959,18.678386688232422,8.284429550170898,7.819039637979586e-06
38800,4.2386929521853745e-08,0.44626328349113464,1.0,0.8756641745567322,18.711637496948242,8.315096855163574,1.6357913409592584e-05
38900,3.662129088866095e-08,0.4395487606525421,1.0,0.8783209323883057,18.715667724609375,8.338386535644531,1.3359203876461834e-05
39000,5.3252936282888186e-08,0.43433550000190735,1.0,0.8779667019844055,18.72055435180664,8.362542152404785,7.696166903770063e-06
39100,4.558654254083194e-08,0.42647111415863037,1.0,0.8816861510276794,18.737361907958984,8.384950637817383,7.094704415067099e-06
39200,3.300985085274988e-08,0.4180123805999756,1.0,0.8845199942588806,18.738306045532227,8.418511390686035,1.2451256225176621e-05
39300,5.480522347056649e-08,0.4131186306476593,1.0,0.8845199942588806,18.69445037841797,8.425400733947754,1.2564771168399602e-05
39400,4.916630302886915e-08,0.40494632720947266,1.0,0.8880623579025269,18.723234176635742,8.457672119140625,9.533775482850615e-06
39500,4.983156998150662e-08,0.3971524238586426,1.0,0.8919588923454285,18.74297523498535,8.48831844329834,7.385628123302013e-06
39600,8.296813547303827e-08,0.3948903977870941,1.0,0.8921360373497009,18.660781860351562,8.475544929504395,4.5060414777253754e-06
39700,4.561821853599213e-08,0.38548335433006287,1.0,0.8956783413887024,18.744714736938477,8.535564422607422,9.263079846277833e-06
39800,5.1193779881941737e-08,0.3769170045852661,1.0,0.8990435600280762,18.742496490478516,8.559915542602539,8.526254532625899e-06
39900,5.337965447438364e-08,0.37098225951194763,1.0,0.8993977904319763,18.72829818725586,8.579012870788574,8.989628440758679e-06
40000,5.284110571324163e-08,0.3655625879764557,1.0,0.90240877866745,18.750154495239258,8.604515075683594,8.603635251347441e-06
40100,4.409761444890137e-08,0.3565687835216522,1.0,0.904888391494751,18.760467529296875,8.638511657714844,8.104555490717757e-06
40200,5.6009039184345966e-08,0.3520911633968353,1.0,0.9059510827064514,18.75204849243164,8.65587329864502,6.523732736241072e-06
40300,6.339031699553743e-08,0.3473205268383026,1.0,0.9061282277107239,18.744876861572266,8.670398712158203,6.627622951782541e-06
40400,6.782541817074161e-08,0.3425794839859009,1.0,0.9078993797302246,18.716073989868164,8.687993049621582,8.39480617287336e-06
40500,3.449877894468045e-08,0.33390647172927856,1.0,0.9114417433738708,18.78629493713379,8.733051300048828,8.552785402571317e-06
40600,3.494228906220087e-08,0.32913053035736084,1.0,0.9135671257972717,18.768857955932617,8.759876251220703,1.7191265214933082e-05
40700,5.268270797387231e-08,0.32338011264801025,1.0,0.9140984416007996,18.742023468017578,8.772682189941406,1.2939357475261204e-05
40800,4.6061732206226225e-08,0.31615111231803894,1.0,0.9164009690284729,18.781572341918945,8.80482292175293,7.117741461115656e-06
40900,8.562920328358814e-08,0.3132132589817047,1.0,0.9151611924171448,18.692312240600586,8.790318489074707,6.542125902342377e-06
41000,4.5206387966345574e-08,0.30548393726348877,1.0,0.919589102268219,18.784385681152344,8.850163459777832,8.166230145434383e-06
41100,5.328461583076205e-08,0.30186331272125244,1.0,0.9190577268600464,18.740209579467773,8.85254955291748,9.10400558495894e-06
41200,4.295715783086962e-08,0.29447662830352783,1.0,0.9222458004951477,18.79229164123535,8.898372650146484,9.100979696086142e-06
41300,4.694875244126706e-08,0.2900572121143341,1.0,0.924548327922821,18.77846336364746,8.920310974121094,1.215266456711106e-05
41400,5.733956953690722e-08,0.2845046818256378,1.0,0.9270280003547668,18.77516746520996,8.93490219116211,8.370900104637258e-06
41500,2.8226274650933192e-08,0.2783205211162567,1.0,0.9268508553504944,18.81561851501465,8.976370811462402,1.048919693857897e-05
41600,5.927200774635821e-08,0.27324751019477844,1.0,0.9307474493980408,18.766443252563477,8.9873685836792,7.895474482211284e-06
41700,5.296782390473709e-08,0.2703086733818054,1.0,0.9300389289855957,18.779590606689453,9.009160041809082,1.2191110727144405e-05
41800,6.966282484199837e-08,0.26403623819351196,1.0,0.929861843585968,18.776994705200195,9.03227424621582,6.102943643782055e-06
41900,4.793081131992949e-08,0.2587641477584839,1.0,0.932341456413269,18.805994033813477,9.066825866699219,7.112004368536873e-06
42000,3.2154510165582906e-08,0.2529342770576477,1.0,0.9337583780288696,18.823774337768555,9.100167274475098,1.1148630619572941e-05
42100,7.587196648728423e-08,0.2494681030511856,1.0,0.9357066750526428,18.768203735351562,9.102039337158203,7.0453811531479005e-06
42200,3.4435419848932725e-08,0.2434414178133011,1.0,0.9353524446487427,18.830108642578125,9.1473970413208,9.809236871660687e-06
42300,2.4899945216816377e-08,0.23826776444911957,1.0,0.9364151358604431,18.844335556030273,9.18162727355957,1.299457380810054e-05
42400,6.633649007881104e-08,0.235385924577713,1.0,0.9380092024803162,18.76972770690918,9.17202377319336,8.287395758088678e-06
42500,3.4815570870705415e-08,0.22976140677928925,1.0,0.9404888153076172,18.82880210876465,9.228631973266602,1.618727583263535e-05
42600,6.126780505155693e-08,0.22625218331813812,1.0,0.9415515065193176,18.801300048828125,9.235241889953613,7.362016276601935e-06
42700,3.706480455889505e-08,0.21992002427577972,1.0,0.9422599673271179,18.83371353149414,9.277409553527832,8.658497790747788e-06
42800,5.2872785261115496e-08,0.21643047034740448,1.0,0.9445624947547913,18.820758819580078,9.295079231262207,8.067167982517276e-06
42900,2.958848455136831e-08,0.21150147914886475,1.0,0.9450938701629639,18.848234176635742,9.330534934997559,1.4391162949323189e-05
43000,8.04654689545714e-08,0.2096434384584427,1.0,0.9452709555625916,18.757177352905273,9.314340591430664,9.489187505096197e-06
43100,2.6167118249986743e-08,0.20304197072982788,1.0,0.9493446350097656,18.847339630126953,9.379654884338379,1.1920123142772354e-05
43200,4.349570659201163e-08,0.19960251450538635,1.0,0.9504073858261108,18.840225219726562,9.39780044555664,1.3694064364244696e-05
43300,6.4340696326326e-08,0.1956544667482376,1.0,0.9486361742019653,18.796247482299805,9.406143188476562,1.2464490282582119e-05
43400,6.465749180506464e-08,0.1919800043106079,1.0,0.9520013928413391,18.797746658325195,9.430025100708008,1.2101225365768187e-05
43500,6.804717855857234e-08,0.18850304186344147,1.0,0.9521785378456116,18.783855438232422,9.447945594787598,8.96036272024503e-06
43600,6.586130041341676e-08,0.18426455557346344,1.0,0.9543039202690125,18.813262939453125,9.485342025756836,7.72927887737751e-06
43700,3.3991909731412306e-08,0.18051983416080475,1.0,0.9560750722885132,18.857938766479492,9.532747268676758,1.2177909411548171e-05
43800,5.261934887812458e-08,0.17570853233337402,1.0,0.9564293026924133,18.82322120666504,9.543083190917969,1.0800073141581379e-05
43900,5.296782390473709e-08,0.17420192062854767,1.0,0.9560750722885132,18.789615631103516,9.553308486938477,1.6668176613165997e-05
44000,3.36434347047998e-08,0.16809217631816864,1.0,0.9590860605239868,18.859703063964844,9.608070373535156,1.152407730842242e-05
44100,4.09613605256709e-08,0.1647641807794571,1.0,0.9601487517356873,18.83649444580078,9.629895210266113,1.057620011124527e-05
44200,7.073991525885504e-08,0.16153927147388458,1.0,0.9599716663360596,18.824344635009766,9.640563011169434,8.117488505376969e-06
44300,3.164764095231476e-08,0.15789572894573212,1.0,0.9606801271438599,18.873680114746094,9.692026138305664,1.0102196029038168e-05
44400,8.34750082390201e-08,0.15639837086200714,1.0,0.96103435754776,18.777603149414062,9.672722816467285,8.370605428353883e-06
44500,7.56818963054684e-08,0.15124908089637756,1.0,0.9628055095672607,18.802236557006836,9.714685440063477,8.603473361290526e-06
44600,5.204912412182239e-08,0.14858971536159515,1.0,0.9633368849754333,18.855995178222656,9.750536918640137,9.532158401270863e-06
44700,6.757198889317806e-08,0.14556394517421722,1.0,0.9633368849754333,18.812725067138672,9.765013694763184,1.626204903004691e-05
44800,4.748730120240907e-08,0.14179861545562744,1.0,0.9652851223945618,18.859298706054688,9.809431076049805,8.78076480148593e-06
44900,5.258766933025072e-08,0.139258474111557,1.0,0.966347873210907,18.84857940673828,9.824737548828125,1.0939265848719515e-05
45000,5.486858256631422e-08,0.13556833565235138,1.0,0.9674105644226074,18.851247787475586,9.857763290405273,9.888504791888408e-06
45100,4.869111336347487e-08,0.13204336166381836,1.0,0.968827486038208,18.85362434387207,9.886761665344238,1.4731412193214055e-05
45200,3.028543105187964e-08,0.1286652535200119,1.0,0.9695359468460083,18.885231018066406,9.929067611694336,1.2535572750493884e-05
45300,5.575560280135505e-08,0.1272372603416443,1.0,0.9690045714378357,18.86374855041504,9.934720993041992,8.193126632249914e-06
45400,6.70017570314485e-08,0.12342964857816696,1.0,0.970421552658081,18.834760665893555,9.957586288452148,8.846478522173129e-06
45500,5.787811829804923e-08,0.12034718692302704,1.0,0.9705986380577087,18.84212303161621,9.987614631652832,9.73658370639896e-06
45600,4.7202185271544295e-08,0.11811155825853348,1.0,0.9705986380577087,18.85502815246582,10.022271156311035,1.0355370250181295e-05
45700,2.6547269271759433e-08,0.11576187610626221,1.0,0.9716613292694092,18.89412498474121,10.062577247619629,1.062348201230634e-05
45800,2.5406814430084523e-08,0.1120997741818428,1.0,0.9729011654853821,18.906362533569336,10.09804916381836,1.2463430721254554e-05
45900,3.2534661187355596e-08,0.11049815267324448,1.0,0.974141001701355,18.893348693847656,10.111413955688477,1.160478041128954e-05
46000,3.36434347047998e-08,0.10733554512262344,1.0,0.975026547908783,18.897294998168945,10.143372535705566,1.1425452612456866e-05
46100,2.78144423049298e-08,0.1047464907169342,1.0,0.9753807783126831,18.90608787536621,10.171802520751953,1.1837973033834714e-05
46200,4.634684458437732e-08,0.10346698760986328,1.0,0.9759121537208557,18.8715877532959,10.181568145751953,1.4105778063822072e-05
46300,6.472085090081237e-08,0.10086815059185028,1.0,0.9767976999282837,18.81363296508789,10.190400123596191,1.5240272659866605e-05
46400,2.3822847694532356e-08,0.09688745439052582,1.0,0.9773290753364563,18.918092727661133,10.269500732421875,1.2259764844202437e-05
46500,9.148987345497517e-08,0.09631321579217911,1.0,0.9783917665481567,18.804277420043945,10.23108196258545,8.560986316297203e-06
46600,4.286211918724803e-08,0.09276831150054932,1.0,0.9776833057403564,18.888484954833984,10.301858901977539,1.0328272765036672e-05
46700,7.137350621633232e-08,0.09112759679555893,1.0,0.9789231419563293,18.852191925048828,10.309225082397461,9.919823241943959e-06
46800,8.027539166732822e-08,0.08841632306575775,1.0,0.9796316027641296,18.799699783325195,10.317581176757812,1.2839605005865451e-05
46900,6.408726704876244e-08,0.08712361752986908,1.0,0.9794544577598572,18.840625762939453,10.3552885055542,1.1144137715746183e-05
47000,5.727621044115949e-08,0.08455908298492432,1.0,0.9803400635719299,18.861392974853516,10.403765678405762,1.1913717571587767e-05
47100,2.170033397419502e-08,0.08224843442440033,1.0,0.9814027547836304,18.9303035736084,10.45956802368164,1.8204031221102923e-05
47200,4.688539334551933e-08,0.07963407784700394,1.0,0.9821112155914307,18.893232345581055,10.470492362976074,9.734047125675716e-06
47300,2.7117497580775307e-08,0.07728401571512222,1.0,0.9824654459953308,18.91860008239746,10.517855644226074,1.4255512724048458e-05
47400,3.487892996645314e-08,0.07604289799928665,1.0,0.9821112155914307,18.912046432495117,10.535137176513672,1.1451428690634202e-05
47500,6.706511612719623e-08,0.07440382242202759,1.0,0.9829968214035034,18.858123779296875,10.526829719543457,1.0187911357206758e-05
47600,6.196474799935459e-08,0.0729585811495781,1.0,0.9835281372070312,18.874414443969727,10.566126823425293,1.0470286724739708e-05
47700,6.142619923821258e-08,0.07062169164419174,1.0,0.9838823676109314,18.860002517700195,10.586222648620605,1.2834068002121057e-05
47800,5.144721626493265e-08,0.06911133974790573,1.0,0.984413743019104,18.8778076171875,10.634033203125,1.0177241165365558e-05
47900,6.788877726648934e-08,0.06679467856884003,1.0,0.9851222038269043,18.873035430908203,10.650657653808594,1.0712948096625041e-05
48000,3.991594255126074e-08,0.06537145376205444,1.0,0.985299289226532,18.907991409301758,10.707221984863281,1.0745847248472273e-05
48100,4.0010981194882334e-08,0.06410683691501617,1.0,0.9856535196304321,18.910619735717773,10.720995903015137,1.5765026546432637e-05
48200,4.7518980750282935e-08,0.06296278536319733,1.0,0.9854764342308044,18.886743545532227,10.745388984680176,1.2790930668415967e-05
48300,5.540713132745623e-08,0.06088966131210327,1.0,0.986007809638977,18.866933822631836,10.767881393432617,1.4087369891058188e-05
48400,3.034879014762737e-08,0.05856023356318474,1.0,0.9861848950386047,18.931175231933594,10.83147144317627,1.2216110008012038e-05
48500,6.237657856900114e-08,0.05833176523447037,1.0,0.9865391254425049,18.865068435668945,10.820053100585938,1.0498592018848285e-05
48600,4.799417041567722e-08,0.055949676781892776,1.0,0.9870705008506775,18.895179748535156,10.863211631774902,1.2236941984156147e-05
48700,7.34009830694049e-08,0.05559169128537178,1.0,0.9867162704467773,18.853532791137695,10.869294166564941,1.0165327694267035e-05
48800,4.412929044406155e-08,0.05352705344557762,1.0,0.9874247312545776,18.9058837890625,10.924145698547363,1.2169614819868002e-05
48900,7.051816197645167e-08,0.05205182731151581,1.0,0.9876018166542053,18.872358322143555,10.934566497802734,1.2871559192717541e-05
49000,5.686437987151294e-08,0.050825852900743484,1.0,0.9877789616584778,18.896127700805664,10.973604202270508,1.0500782991584856e-05
49100,3.9409073337992595e-08,0.0492124930024147,1.0,0.9886645078659058,18.915746688842773,11.014273643493652,1.2495482224039733e-05
49200,6.468917490565218e-08,0.04789351671934128,1.0,0.9888416528701782,18.874563217163086,11.021086692810059,1.2057894309691619e-05
49300,5.3031183000484816e-08,0.04691663756966591,1.0,0.9891958832740784,18.889537811279297,11.067166328430176,1.4781101526750717e-05
49400,8.280974128638263e-08,0.045768897980451584,1.0,0.9902585744857788,18.819499969482422,11.051748275756836,1.2018663255730644e-05
49500,7.764601406279326e-08,0.04461488127708435,1.0,0.989727258682251,18.86602783203125,11.102116584777832,9.710185622680001e-06
49600,8.528072470426196e-08,0.043228425085544586,1.0,0.9902585744857788,18.850727081298828,11.12747859954834,8.388936294068117e-06
49700,6.554451204010547e-08,0.04192256182432175,1.0,0.9907899498939514,18.882305145263672,11.170914649963379,1.0546421435719822e-05
49800,3.8870524576850585e-08,0.040925849229097366,1.0,0.9900814890861511,18.92351531982422,11.223360061645508,1.2954717021784745e-05
49900,6.278841624407505e-08,0.0401543565094471,1.0,0.9904357194900513,18.87813377380371,11.229244232177734,1.2829829756810796e-05
50000,3.801518388968361e-08,0.03873402625322342,1.0,0.9911441802978516,18.92896270751953,11.283429145812988,1.248878561455058e-05
50100,8.344332513843256e-08,0.037956129759550095,1.0,0.9914984107017517,18.85146141052246,11.276172637939453,1.3270355339045636e-05
50200,6.256665585624432e-08,0.03672759607434273,1.0,0.9916754961013794,18.888965606689453,11.319777488708496,1.1671383617795072e-05
50300,9.019102265028778e-08,0.036427516490221024,1.0,0.9923839569091797,18.809192657470703,11.311822891235352,1.3554581528296694e-05
50400,6.74452707016826e-08,0.034858338534832,1.0,0.9920297265052795,18.858625411987305,11.368630409240723,1.2070685443177354e-05
50500,6.757198889317806e-08,0.03372721001505852,1.0,0.9920297265052795,18.89195442199707,11.413869857788086,9.496717211732175e-06
50600,4.669531605827615e-08,0.033128827810287476,1.0,0.992206871509552,18.922714233398438,11.456310272216797,1.1592211194511037e-05
50700,7.723417638771934e-08,0.03219219297170639,1.0,0.9923839569091797,18.87257957458496,11.460275650024414,1.0437031960464083e-05
50800,6.044414391226383e-08,0.030955880880355835,1.0,0.9927381873130798,18.89072036743164,11.505515098571777,1.3850833965989295e-05
50900,3.947243243374032e-08,0.030311835929751396,1.0,0.9925611019134521,18.930767059326172,11.555899620056152,1.406630781275453e-05
51000,6.269337404773978e-08,0.030098801478743553,1.0,0.9927381873130798,18.89754295349121,11.558695793151855,1.2252250598976389e-05
51100,5.3474693118005234e-08,0.028552399948239326,1.0,0.99309241771698,18.900785446166992,11.61296272277832,1.2029297067783773e-05
51200,9.212346441245245e-08,0.028034400194883347,1.0,0.99309241771698,18.848342895507812,11.5990629196167,1.2233948837092612e-05
51300,5.116210033406787e-08,0.026992421597242355,1.0,0.9934466481208801,18.912649154663086,11.66861629486084,1.2641628018172923e-05
51400,7.099335164184595e-08,0.026892729103565216,1.0,0.9932695627212524,18.882549285888672,11.67446231842041,1.168163726106286e-05
51500,7.945173052803511e-08,0.02606172300875187,1.0,0.993800938129425,18.870502471923828,11.694130897521973,1.254783092008438e-05
51600,4.207013759582878e-08,0.025103772059082985,1.0,0.9936237931251526,18.92953109741211,11.761116981506348,1.4076042134547606e-05
51700,5.1795687738831475e-08,0.024675797671079636,1.0,0.9934466481208801,18.900789260864258,11.784236907958984,1.455478741263505e-05
51800,6.345367609128516e-08,0.02455545961856842,1.0,0.9941551685333252,18.887296676635742,11.797998428344727,1.1366831131454092e-05
51900,7.75192958712978e-08,0.023648781701922417,1.0,0.9939780235290527,18.850831985473633,11.812607765197754,1.5873340089456178e-05
52000,6.658992646180195e-08,0.02290196157991886,1.0,0.9945093989372253,18.888036727905273,11.864824295043945,1.1507755516504403e-05
52100,6.858572731971435e-08,0.022106245160102844,1.0,0.9945093989372253,18.88823699951172,11.893579483032227,1.1846627785416786e-05
52200,4.5681577631739856e-08,0.02134058065712452,1.0,0.9953949451446533,18.934444427490234,11.948348045349121,1.2220364624226931e-05
52300,7.108839383818122e-08,0.021014807745814323,1.0,0.9950407147407532,18.88555908203125,11.949820518493652,1.2088713447155897e-05
52400,5.230255695209962e-08,0.020434672012925148,1.0,0.9953949451446533,18.92437744140625,12.003836631774902,1.1364710189809557e-05
52500,6.339031699553743e-08,0.01970122568309307,1.0,0.9950407147407532,18.89812660217285,12.014368057250977,1.048965805239277e-05
52600,7.764601406279326e-08,0.019276870414614677,1.0,0.9959263205528259,18.863252639770508,12.031468391418457,1.2262929885764606e-05
52700,7.840631610633864e-08,0.01898196153342724,1.0,0.9952178597450256,18.861814498901367,12.058395385742188,1.3847776244801935e-05
52800,6.133116414730466e-08,0.01824650913476944,1.0,0.9959263205528259,18.890886306762695,12.115911483764648,1.244804934685817e-05
52900,8.623110403505052e-08,0.018064400181174278,1.0,0.9957491755485535,18.84419822692871,12.101276397705078,1.2887798220617697e-05
53000,7.016969050255284e-08,0.01773793250322342,1.0,0.9955720901489258,18.876785278320312,12.161948204040527,1.1549129339982755e-05
53100,7.089831655093803e-08,0.016945304349064827,1.0,0.9962805509567261,18.873193740844727,12.19331169128418,1.2923643225803971e-05
53200,6.719183431869169e-08,0.016321633011102676,1.0,0.9962805509567261,18.886093139648438,12.228100776672363,1.1892723705386743e-05
53300,4.856439872469309e-08,0.015936927869915962,1.0,0.9962805509567261,18.91847038269043,12.279547691345215,1.4783760889258701e-05
53400,7.134182311574477e-08,0.015879057347774506,1.0,0.9962805509567261,18.889781951904297,12.281373023986816,1.2091733879060484e-05
53500,6.931434626267219e-08,0.015328727662563324,1.0,0.9968118667602539,18.889877319335938,12.32116985321045,1.5410712876473553e-05
53600,4.387585761378432e-08,0.014856352470815182,1.0,0.9966347813606262,18.93348503112793,12.373865127563477,1.3468965335050598e-05
53700,6.288345133498296e-08,0.014605963602662086,1.0,0.9964576363563538,18.90091323852539,12.383893966674805,1.4782358448428567e-05
53800,4.0929680977797034e-08,0.014068891294300556,1.0,0.9968118667602539,18.94762420654297,12.44322681427002,1.2615188097697683e-05
53900,6.586130041341676e-08,0.013822758570313454,1.0,0.9969890117645264,18.895191192626953,12.44283676147461,1.3118504284648225e-05
54000,4.473119830095129e-08,0.013461568392813206,1.0,0.997166097164154,18.927858352661133,12.498032569885254,1.7066888176486827e-05
54100,6.392886575667944e-08,0.013036921620368958,1.0,0.9973432421684265,18.888980865478516,12.50437068939209,1.2825162230001297e-05
54200,4.4762877848825156e-08,0.012880513444542885,1.0,0.9973432421684265,18.932844161987305,12.556599617004395,1.2943816727783997e-05
54300,5.138385716918492e-08,0.012688348069787025,1.0,0.9969890117645264,18.920106887817383,12.580678939819336,1.2581392184074502e-05
54400,7.181701278113906e-08,0.012259216979146004,1.0,0.9973432421684265,18.87735366821289,12.581412315368652,1.28938017951441e-05
54500,6.481588599172028e-08,0.012046526186168194,1.0,0.9976974725723267,18.89417266845703,12.627779960632324,1.2019865607726388e-05
54600,7.488991116133548e-08,0.011756819672882557,1.0,0.9976974725723267,18.87782096862793,12.6421537399292,1.3740421309194062e-05
54700,8.157424957744297e-08,0.011358626186847687,1.0,0.9980517029762268,18.85834503173828,12.65960693359375,1.2478584721975494e-05
54800,5.711781270179017e-08,0.011093363165855408,1.0,0.9980517029762268,18.9063663482666,12.728219985961914,1.2968110240763053e-05
54900,7.840631610633864e-08,0.011049056425690651,1.0,0.9978746175765991,18.864837646484375,12.721748352050781,1.2942213288624771e-05
55000,4.84693600810715e-08,0.01035231538116932,1.0,0.9982288479804993,18.925378799438477,12.800634384155273,1.2097916624043137e-05
55100,3.256634073522946e-08,0.010288107208907604,1.0,0.9980517029762268,18.96160888671875,12.840129852294922,1.3803281035507098e-05
55200,7.431967929960592e-08,0.010093413293361664,1.0,0.998405933380127,18.877588272094727,12.823007583618164,1.2979272469237912e-05
55300,7.203877316896978e-08,0.010050917975604534,1.0,0.9982288479804993,18.891281127929688,12.849556922912598,1.282288121728925e-05
55400,4.4762877848825156e-08,0.009694809094071388,1.0,0.998405933380127,18.943553924560547,12.925268173217773,1.454319317417685e-05
55500,6.861740331487454e-08,0.009329352527856827,1.0,0.9985830783843994,18.884071350097656,12.911227226257324,1.1692747648339719e-05
55600,4.501631423181607e-08,0.00910118967294693,1.0,0.9982288479804993,18.93766212463379,12.974372863769531,1.3767722521151882e-05
55700,6.231321947325341e-08,0.009047899395227432,1.0,0.9987601637840271,18.90848731994629,12.981454849243164,1.3463813047565054e-05
55800,5.1795687738831475e-08,0.008923540823161602,1.0,0.9985830783843994,18.929798126220703,13.028252601623535,1.4589330021408387e-05
55900,4.9419739411860064e-08,0.008499899879097939,1.0,0.9987601637840271,18.942270278930664,13.063093185424805,1.4140604434942361e-05
56000,5.863842034159461e-08,0.008366543799638748,1.0,0.9987601637840271,18.916297912597656,13.085668563842773,1.2769485692842864e-05
56100,7.013801450739265e-08,0.008143259212374687,1.0,0.9989373087882996,18.89628791809082,13.096603393554688,1.3144373042450752e-05
56200,4.884951110284419e-08,0.008058464154601097,1.0,0.9991143941879272,18.928264617919922,13.14470100402832,1.2673859600909054e-05
56300,7.802616153185227e-08,0.007988989353179932,1.0,0.9987601637840271,18.87119483947754,13.133761405944824,1.3097311239107512e-05
56400,5.5153694944465315e-08,0.007682716008275747,1.0,0.9989373087882996,18.916418075561523,13.19906234741211,1.2518870789790526e-05
56500,8.461546485705185e-08,0.00759506830945611,1.0,0.9989373087882996,18.848976135253906,13.186779975891113,1.4508025742543396e-05
56600,5.106706524315996e-08,0.007262976374477148,1.0,0.9989373087882996,18.932147979736328,13.264397621154785,1.3792510799248703e-05
56700,5.8384987511317377e-08,0.007072179112583399,1.0,0.9989373087882996,18.91744041442871,13.281352043151855,1.2540333045762964e-05
56800,6.811053765432007e-08,0.006894612684845924,1.0,0.9991143941879272,18.90576171875,13.304608345031738,1.0349707736168057e-05
56900,5.879681808096393e-08,0.006867706310003996,1.0,0.9989373087882996,18.90987205505371,13.333305358886719,1.3904215848015156e-05
57000,4.067624459480612e-08,0.006556932348757982,1.0,0.9989373087882996,18.954357147216797,13.394258499145508,1.2303218682063743e-05
57100,5.3252936282888186e-08,0.006620144937187433,1.0,0.9989373087882996,18.920223236083984,13.396185874938965,1.3267191206978168e-05
57200,4.859607471985328e-08,0.006503261625766754,1.0,0.9987601637840271,18.93716049194336,13.444141387939453,1.4780473065911792e-05
57300,5.090866750379064e-08,0.006344581488519907,1.0,0.9987601637840271,18.932613372802734,13.466732025146484,1.3230986951384693e-05
57400,7.533341772614222e-08,0.006219787988811731,1.0,0.9991143941879272,18.879638671875,13.456783294677734,1.4392131561180577e-05
57500,7.856471029299428e-08,0.006222172640264034,1.0,0.9989373087882996,18.87032127380371,13.477777481079102,1.2968387636647094e-05
57600,6.950442354991537e-08,0.005818632896989584,1.0,0.9991143941879272,18.893627166748047,13.522828102111816,1.268234245799249e-05
57700,5.581896189710278e-08,0.005754794459789991,1.0,0.9987601637840271,18.92027473449707,13.568408012390137,1.3890904483560007e-05
57800,8.011699748067258e-08,0.005646866280585527,1.0,0.9992915391921997,18.85530662536621,13.555365562438965,1.4424545952351764e-05
57900,6.671664465329741e-08,0.005617862567305565,1.0,0.9992915391921997,18.89514923095703,13.610581398010254,1.5882322259130888e-05
58000,7.67906698229126e-08,0.005418183747678995,1.0,0.9992915391921997,18.8740234375,13.625303268432617,1.4702914086228702e-05
58100,7.688570491382052e-08,0.005318640731275082,1.0,0.9992915391921997,18.876352310180664,13.655329704284668,1.5384301150334068e-05
58200,6.114108686006148e-08,0.00506543880328536,1.0,0.9994686245918274,18.91737174987793,13.706490516662598,1.5044956853671465e-05
58300,7.298915249975835e-08,0.00516440300270915,1.0,0.9994686245918274,18.88504981994629,13.714985847473145,1.4710532923345454e-05
58400,4.378081897016273e-08,0.005149852950125933,1.0,0.9992915391921997,18.94474983215332,13.788896560668945,1.4518626812787261e-05
58500,5.075026976442132e-08,0.0047432174906134605,1.0,0.9994686245918274,18.93017578125,13.809630393981934,1.493957552156644e-05
58600,6.70017570314485e-08,0.004828944802284241,1.0,0.9992915391921997,18.891958236694336,13.808228492736816,1.3314323041413445e-05
58700,8.499561232611086e-08,0.004792820196598768,1.0,0.9994686245918274,18.8515567779541,13.80091667175293,1.4386801012733486e-05
58800,6.047581990742401e-08,0.004652990493923426,1.0,0.9994686245918274,18.923433303833008,13.874064445495605,1.3813441910315305e-05
58900,5.889185672458552e-08,0.004486997611820698,1.0,0.9992915391921997,18.910165786743164,13.904685974121094,1.370040718029486e-05
59000,4.767737493693858e-08,0.0043305992148816586,1.0,0.9992915391921997,18.936317443847656,13.95118522644043,1.2630892342713196e-05
59100,6.275673314348751e-08,0.004178004804998636,1.0,0.9994686245918274,18.91075897216797,13.954987525939941,1.368629455100745e-05
59200,5.94620850336014e-08,0.004182336386293173,1.0,0.9994686245918274,18.918773651123047,13.989630699157715,1.354147752863355e-05
59300,9.171162673737854e-08,0.004116474185138941,1.0,0.9996457695960999,18.8428955078125,13.964680671691895,1.632082239666488e-05
59400,6.633649007881104e-08,0.004084062296897173,1.0,0.9994686245918274,18.896425247192383,14.03428840637207,1.306515059695812e-05
59500,5.572392325348119e-08,0.0038988275919109583,1.0,0.9994686245918274,18.922019958496094,14.072811126708984,1.3812942597724032e-05
59600,6.652656736605422e-08,0.0039221071638166904,1.0,0.9996457695960999,18.888568878173828,14.083012580871582,1.4697287952003535e-05
59700,6.415062614451017e-08,0.00384725839830935,1.0,0.9996457695960999,18.91269874572754,14.118980407714844,1.3060923265584279e-05
59800,8.464714085221203e-08,0.0036285247188061476,1.0,0.9998228549957275,18.848121643066406,14.100964546203613,1.4188797649694607e-05
59900,7.47948689650002e-08,0.0037154119927436113,1.0,0.9994686245918274,18.86707305908203,14.148222923278809,1.3852225492883008e-05
60000,5.996895424686954e-08,0.0035815893206745386,1.0,0.9998228549957275,18.904016494750977,14.197328567504883,1.3978259630675893e-05
60100,6.16479596260433e-08,0.003439610358327627,1.0,0.9998228549957275,18.898513793945312,14.218016624450684,1.691319812380243e-05
60200,6.522771656136683e-08,0.003405924653634429,1.0,0.9996457695960999,18.902616500854492,14.252399444580078,1.4139836821414065e-05
60300,5.857506124584688e-08,0.003440955886617303,1.0,0.9998228549957275,18.915969848632812,14.28189468383789,1.5576315490761772e-05
60400,4.701211153701479e-08,0.00325324316509068,1.0,0.9998228549957275,18.939929962158203,14.330595016479492,1.5377403542515822e-05
60500,7.732921858405462e-08,0.0032961072865873575,1.0,0.9996457695960999,18.869739532470703,14.305354118347168,1.6360432709916495e-05
60600,5.6674302584269753e-08,0.0031160644721239805,1.0,0.9998228549957275,18.913009643554688,14.366059303283691,1.4745447515451815e-05
60700,7.460479878318438e-08,0.00310347112827003,1.0,0.9998228549957275,18.85775375366211,14.352928161621094,1.3085636965115555e-05
60800,8.730820155733454e-08,0.0030238472390919924,1.0,0.9998228549957275,18.840137481689453,14.363265991210938,1.3799115549772978e-05
60900,8.24612698124838e-08,0.0030230155680328608,1.0,0.9998228549957275,18.858976364135742,14.404614448547363,1.4618914974562358e-05
61000,7.530174173098203e-08,0.0028845102060586214,1.0,0.9998228549957275,18.871675491333008,14.441980361938477,1.4174836906022392e-05
61100,7.618876196602287e-08,0.0029427967965602875,1.0,0.9998228549957275,18.869956970214844,14.460826873779297,1.4132436263025738e-05
61200,6.639984917455877e-08,0.0027345032431185246,1.0,0.9998228549957275,18.894351959228516,14.507867813110352,1.596826405148022e-05
61300,7.260899792527198e-08,0.002739675110206008,1.0,1.0,18.88484001159668,14.524812698364258,1.5019732018117793e-05
61400,6.9282670267512e-08,0.0026825880631804466,1.0,0.9998228549957275,18.879474639892578,14.553361892700195,1.4163677406031638e-05
61500,8.562920328358814e-08,0.002681300975382328,1.0,0.9998228549957275,18.84845542907715,14.550668716430664,1.4059116438147612e-05
61600,7.796280243610454e-08,0.002563314512372017,1.0,0.9998228549957275,18.861902236938477,14.58678150177002,1.3270873751025647e-05
61700,6.877579750153018e-08,0.002534636063501239,1.0,0.9998228549957275,18.894819259643555,14.631072044372559,1.2942970897711348e-05
61800,7.34009830694049e-08,0.0024894182570278645,1.0,1.0,18.88417625427246,14.65116024017334,1.380668800265994e-05
61900,6.918763517660409e-08,0.0023644804023206234,1.0,0.9998228549957275,18.880680084228516,14.684566497802734,1.1684378478094004e-05
62000,4.739226255878748e-08,0.002257805084809661,1.0,1.0,18.94297981262207,14.743583679199219,1.5427980542881414e-05
62100,6.570290622676112e-08,0.0023769629187881947,1.0,0.9998228549957275,18.89379119873047,14.736433982849121,1.371614052914083e-05
62200,8.651622351862898e-08,0.0023457445204257965,1.0,1.0,18.833356857299805,14.720634460449219,1.4049851415620651e-05
62300,7.837463300575109e-08,0.002215324668213725,1.0,1.0,18.866329193115234,14.767666816711426,1.568529478390701e-05
62400,5.296782390473709e-08,0.002066907240077853,1.0,1.0,18.91864013671875,14.839385986328125,1.3528671843232587e-05
62500,6.117276996064902e-08,0.002055214950814843,1.0,1.0,18.901500701904297,14.84223461151123,1.4977770661062095e-05
62600,5.464682573119717e-08,0.0019919676706194878,1.0,1.0,18.919641494750977,14.887528419494629,1.732762211759109e-05
62700,6.975785993290629e-08,0.0020036976784467697,1.0,1.0,18.878170013427734,14.87935733795166,1.9424034690018743e-05
62800,5.483690301844035e-08,0.0019274735823273659,1.0,1.0,18.916799545288086,14.932283401489258,1.4570861821994185e-05
62900,6.855404421912681e-08,0.001978000858798623,1.0,1.0,18.88672637939453,14.933038711547852,1.276666262128856e-05
63000,6.459413270931691e-08,0.001904818695038557,1.0,1.0,18.891525268554688,14.960517883300781,1.3010401744395494e-05
63100,7.251396283436407e-08,0.0018147494411095977,1.0,1.0,18.87550926208496,14.976056098937988,1.3126577869115863e-05
63200,5.436171335304607e-08,0.0017640447476878762,1.0,1.0,18.91522789001465,15.026589393615723,1.449499268346699e-05
63300,8.518568961335404e-08,0.0017859416548162699,1.0,1.0,18.844223022460938,14.992076873779297,1.4133574950392358e-05
63400,6.342200009612498e-08,0.0017852394375950098,1.0,1.0,18.8902587890625,15.060876846313477,1.5917910786811262e-05
63500,7.894486486748065e-08,0.0016938551561906934,1.0,1.0,18.85799217224121,15.054218292236328,1.4165035281621385e-05
63600,7.048648598129148e-08,0.0016134838806465268,1.0,1.0,18.87327766418457,15.083882331848145,1.4234052287065424e-05
63700,6.297848642589088e-08,0.001689812634140253,1.0,1.0,18.89798927307129,15.131268501281738,1.5477955457754433e-05
63800,7.276739211192762e-08,0.0015877682017162442,1.0,1.0,18.885208129882812,15.145703315734863,1.6395777493016794e-05
63900,8.467882395279958e-08,0.0016372667159885168,1.0,1.0,18.850555419921875,15.140920639038086,1.4471721442532726e-05
64000,6.465749180506464e-08,0.001523196930065751,1.0,1.0,18.891178131103516,15.199821472167969,1.3346168088901322e-05
64100,5.673766168001748e-08,0.0015429320046678185,1.0,1.0,18.91486167907715,15.243231773376465,1.3306208529684227e-05
64200,6.019070752927291e-08,0.0014669541269540787,1.0,1.0,18.902565002441406,15.252394676208496,1.2451443581085186e-05
64300,7.444639749110138e-08,0.0014704586938023567,1.0,1.0,18.880210876464844,15.260245323181152,1.5194537809293251e-05
64400,7.704410620590352e-08,0.0014405258698388934,1.0,1.0,18.866287231445312,15.271288871765137,1.4417651982512325e-05
64500,7.365441945239581e-08,0.001395121798850596,1.0,1.0,18.869718551635742,15.298382759094238,1.356472603220027e-05
64600,5.7371249084781084e-08,0.001389147830195725,1.0,1.0,18.91191291809082,15.355152130126953,1.6381332898163237e-05
64700,9.399253997344204e-08,0.0013997809728607535,1.0,1.0,18.815383911132812,15.30100154876709,1.5328085282817483e-05
64800,7.520670664007412e-08,0.0013729209313169122,1.0,1.0,18.8735294342041,15.364523887634277,1.4597212611988652e-05
64900,6.766702398408597e-08,0.0013004203792661428,1.0,1.0,18.88506507873535,15.400812149047852,1.4613210623792838e-05
65000,7.070823926369485e-08,0.0012691557640209794,1.0,1.0,18.872234344482422,15.425436973571777,1.594456989550963e-05
65100,5.879681808096393e-08,0.0012404851149767637,1.0,1.0,18.913692474365234,15.462196350097656,1.691209399723448e-05
65200,5.512201539659145e-08,0.0012184838997200131,1.0,1.0,18.91176986694336,15.492992401123047,1.5956380593706854e-05
65300,6.915595207601655e-08,0.0012623772490769625,1.0,1.0,18.889875411987305,15.4910249710083,1.5878847989370115e-05
65400,5.905025446395484e-08,0.0011873886687681079,1.0,1.0,18.910537719726562,15.536048889160156,1.6609110389254056e-05
65500,7.245060373861634e-08,0.0011978666298091412,1.0,1.0,18.8603515625,15.51717758178711,1.5741561583126895e-05
65600,7.21338082598777e-08,0.0011436507338657975,1.0,1.0,18.883136749267578,15.553667068481445,1.5443898519151844e-05
65700,5.94620850336014e-08,0.0011444868287071586,1.0,1.0,18.90870475769043,15.604730606079102,1.3977387425256893e-05
65800,6.380214756518399e-08,0.0010812323307618499,1.0,1.0,18.875797271728516,15.602256774902344,1.6262836652458645e-05
65900,6.202810709510231e-08,0.0010379544692113996,1.0,1.0,18.90477180480957,15.632582664489746,1.503455587226199e-05
66000,7.777272514886135e-08,0.0010568017605692148,1.0,1.0,18.848386764526367,15.613412857055664,1.2558919479488395e-05
66100,5.4710184826944896e-08,0.0010367502691224217,1.0,1.0,18.919042587280273,15.688653945922852,1.537874231871683e-05
66200,6.997961321530966e-08,0.001035951660014689,1.0,1.0,18.883647918701172,15.683768272399902,1.3847586160409264e-05
66300,5.312621809139273e-08,0.0009726095595397055,1.0,1.0,18.9208927154541,15.73831844329834,1.5645471648895182e-05
66400,5.749796727627654e-08,0.0009674992761574686,1.0,1.0,18.91057014465332,15.743041038513184,1.7879581719171256e-05
66500,8.58826325611517e-08,0.001022585784085095,1.0,1.0,18.820329666137695,15.697653770446777,1.6322934243362397e-05
66600,6.351703518703289e-08,0.0009580553160049021,1.0,1.0,18.898019790649414,15.779118537902832,1.5543722838629037e-05
66700,8.024371567216804e-08,0.000940434169024229,1.0,1.0,18.845556259155273,15.75949764251709,1.5661325960536487e-05
66800,5.284110571324163e-08,0.0009104055934585631,1.0,1.0,18.922758102416992,15.840476036071777,1.5657997209928e-05
66900,8.477385904370749e-08,0.0009152194252237678,1.0,1.0,18.838722229003906,15.79675579071045,1.62142332555959e-05
67000,8.369676152142347e-08,0.0009036376723088324,1.0,1.0,18.840808868408203,15.81922435760498,1.5585646906401962e-05
67100,7.273571611676743e-08,0.0008869522716850042,1.0,1.0,18.868070602416992,15.859684944152832,1.6191721442737617e-05
67200,7.238724464286861e-08,0.0008493865607306361,1.0,1.0,18.87413787841797,15.87876033782959,1.6845971913426183e-05
67300,5.426667470942448e-08,0.0008445279090665281,1.0,1.0,18.91010093688965,15.928702354431152,1.5547178918495774e-05
67400,8.252462890823153e-08,0.0008278699824586511,1.0,1.0,18.826194763183594,15.886626243591309,1.4985321286076214e-05
67500,5.1257138977689465e-08,0.0008144270395860076,1.0,1.0,18.921714782714844,15.981586456298828,1.6760110156610608e-05
67600,6.890251569302563e-08,0.0008275988511741161,1.0,1.0,18.8665714263916,15.963042259216309,1.475668977946043e-05
67700,7.308418759066626e-08,0.0007743019377812743,1.0,1.0,18.862497329711914,15.97527027130127,1.458331462345086e-05
67800,4.6441883227998915e-08,0.0007790058734826744,1.0,1.0,18.927043914794922,16.04253387451172,1.4194580217008479e-05
67900,6.063422119950701e-08,0.0007762301829643548,1.0,1.0,18.904767990112305,16.03753089904785,1.6174863048945554e-05
68000,6.997961321530966e-08,0.0007751170196570456,1.0,1.0,18.87561798095703,16.044954299926758,1.5568806702503935e-05
68100,6.66216095623895e-08,0.0007615307113155723,1.0,1.0,18.872106552124023,16.067472457885742,1.499588688602671e-05
68200,8.391851480382684e-08,0.0007545174448750913,1.0,1.0,18.833898544311523,16.03748893737793,1.5007923138909973e-05
68300,6.757198889317806e-08,0.0007522772648371756,1.0,1.0,18.879941940307617,16.097694396972656,1.7346035747323185e-05
68400,7.042312688554375e-08,0.0007110450533218682,1.0,1.0,18.87473487854004,16.11261749267578,1.6470934497192502e-05
68500,6.468917490565218e-08,0.000690495828166604,1.0,1.0,18.885841369628906,16.141328811645508,1.642185634409543e-05
68600,6.145788233880012e-08,0.0006815972155891359,1.0,1.0,18.8922119140625,16.170833587646484,1.4140083294478245e-05
68700,7.783608424460908e-08,0.0006906964117661119,1.0,1.0,18.849164962768555,16.15062141418457,1.718123530736193e-05
68800,5.2175838760604165e-08,0.0006502577452920377,1.0,1.0,18.90929412841797,16.227724075317383,1.6090734789031558e-05
68900,6.088765047707057e-08,0.0006387426401488483,1.0,1.0,18.89173126220703,16.22343635559082,1.812790651456453e-05
69000,7.799448553669208e-08,0.0006597863975912333,1.0,1.0,18.845539093017578,16.209367752075195,1.596920265001245e-05
69100,7.663227563625696e-08,0.0006458823918364942,1.0,1.0,18.8544979095459,16.235002517700195,1.4678305888082832e-05
69200,5.7149492249664036e-08,0.0005978761473670602,1.0,1.0,18.9068603515625,16.293041229248047,1.6256624803645536e-05
69300,7.131014712058459e-08,0.0006372291245497763,1.0,1.0,18.85533905029297,16.271909713745117,1.6733316442696378e-05
69400,7.200709006838224e-08,0.0006060597370378673,1.0,1.0,18.858308792114258,16.293476104736328,1.6073357983259484e-05
69500,4.289379873512189e-08,0.0005625134217552841,1.0,1.0,18.937891006469727,16.37327766418457,1.4968994037189987e-05
69600,6.497428017837592e-08,0.0005787360714748502,1.0,1.0,18.87399673461914,16.338111877441406,1.3719159142056014e-05
69700,6.652656736605422e-08,0.0005855140625499189,1.0,1.0,18.86870574951172,16.348161697387695,1.5820960470591672e-05
69800,7.805784463243981e-08,0.0005860924138687551,1.0,1.0,18.847990036010742,16.346982955932617,1.7630525690037757e-05
69900,5.5914000540724373e-08,0.0005582153680734336,1.0,1.0,18.895252227783203,16.40165138244629,1.4095918231760152e-05
70000,7.020137360314038e-08,0.000537688669282943,1.0,1.0,18.877458572387695,16.402597427368164,1.3977077287563588e-05
70100,7.929333634137947e-08,0.0005361799267120659,1.0,1.0,18.846649169921875,16.402606964111328,1.527411222923547e-05
70200,6.326360590946933e-08,0.0005326834507286549,1.0,1.0,18.87761878967285,16.44243049621582,1.5659143173252232e-05
70300,8.236622761614854e-08,0.0005599826108664274,1.0,1.0,18.82770538330078,16.416770935058594,1.5639847333659418e-05
70400,6.763534798892579e-08,0.0005319026531651616,1.0,1.0,18.868568420410156,16.46689796447754,1.716071528790053e-05
70500,4.0866321882049306e-08,0.0004910945426672697,1.0,1.0,18.93687629699707,16.545066833496094,1.505898489995161e-05
70600,6.554451204010547e-08,0.0005032010958530009,1.0,1.0,18.872495651245117,16.50969886779785,1.268727737624431e-05
70700,5.223919785635189e-08,0.0004983969265595078,1.0,1.0,18.91629981994629,16.5556697845459,1.5865283785387874e-05
70800,6.719183431869169e-08,0.0005234833224676549,1.0,1.0,18.870399475097656,16.539608001708984,1.823752245400101e-05
70900,8.337996604268483e-08,0.0004998653894290328,1.0,1.0,18.8266658782959,16.51382827758789,1.7922340703080408e-05
71000,5.2872785261115496e-08,0.0004823495401069522,1.0,1.0,18.909290313720703,16.59890365600586,1.5213827282423154e-05
71100,4.878615200709646e-08,0.0004777340218424797,1.0,1.0,18.924137115478516,16.636018753051758,1.6807864085421897e-05
71200,8.037043386366349e-08,0.00048504292499274015,1.0,1.0,18.829326629638672,16.57271957397461,1.7624681277084164e-05
71300,7.207044916412997e-08,0.0004698669072240591,1.0,1.0,18.85883903503418,16.608652114868164,1.8759701561066322e-05
71400,6.769870708467352e-08,0.0004504538665059954,1.0,1.0,18.88383674621582,16.637685775756836,1.6602203686488792e-05
71500,7.073991525885504e-08,0.0004488406702876091,1.0,1.0,18.85931968688965,16.64014434814453,1.72587842826033e-05
71600,7.739257767980234e-08,0.0004389506939332932,1.0,1.0,18.853748321533203,16.64820671081543,2.00262111320626e-05
71700,7.485822806074793e-08,0.0004652280767913908,1.0,1.0,18.839685440063477,16.65906524658203,1.9151186279486865e-05
71800,5.841666705919124e-08,0.0004271120997145772,1.0,1.0,18.893095016479492,16.71021270751953,1.4855618246656377e-05
71900,8.236622761614854e-08,0.00044007174437865615,1.0,1.0,18.828697204589844,16.67518424987793,1.742765016388148e-05
72000,6.944106445416764e-08,0.00042446094448678195,1.0,1.0,18.875720977783203,16.727880477905273,1.5955905837472528e-05
72100,7.720250039255916e-08,0.0004088392306584865,1.0,1.0,18.832618713378906,16.713855743408203,1.6183405023184605e-05
72200,6.494260418321574e-08,0.0004125210689380765,1.0,1.0,18.86785888671875,16.759775161743164,1.5574620192637667e-05
72300,6.145788233880012e-08,0.00040431699017062783,1.0,1.0,18.88521385192871,16.78402328491211,1.509567391622113e-05
72400,5.008500281178385e-08,0.0004074577009305358,1.0,1.0,18.909828186035156,16.825695037841797,1.526013329566922e-05
72500,6.868076241062226e-08,0.00037491010152734816,1.0,1.0,18.858903884887695,16.792531967163086,1.806724139896687e-05
72600,3.8173578076339254e-08,0.000377591815777123,1.0,1.0,18.93345832824707,16.87915802001953,1.6789519577287138e-05
72700,6.582962441825657e-08,0.0004034023731946945,1.0,1.0,18.863645553588867,16.827709197998047,1.591302134329453e-05
72800,4.7360583010913615e-08,0.00038223882438614964,1.0,1.0,18.916601181030273,16.883861541748047,1.7110958651755936e-05
72900,8.227119252524062e-08,0.00040542028727941215,1.0,1.0,18.823158264160156,16.817102432250977,1.753576725604944e-05
73000,7.837463300575109e-08,0.0003712501493282616,1.0,1.0,18.815879821777344,16.840665817260742,1.4813484995102044e-05
73100,4.69170728933932e-08,0.00036118895513936877,1.0,1.0,18.91598129272461,16.925264358520508,1.6130392396007665e-05
73200,5.895521582033325e-08,0.000345264736097306,1.0,1.0,18.87537956237793,16.912189483642578,1.5854040611884557e-05
73300,5.6610943488522025e-08,0.00035520235542207956,1.0,1.0,18.89305877685547,16.93484878540039,1.6242536730715074e-05
73400,6.541779384861002e-08,0.00035031791776418686,1.0,1.0,18.877222061157227,16.935958862304688,1.6629233869025484e-05
73500,8.056051115090668e-08,0.0003527824592310935,1.0,1.0,18.838232040405273,16.91666603088379,1.94998319784645e-05
73600,8.499561232611086e-08,0.00037147803232073784,1.0,1.0,18.824565887451172,16.91214942932129,1.68393635249231e-05
73700,8.341164914327237e-08,0.00034300261177122593,1.0,1.0,18.82828712463379,16.928558349609375,1.4155692042550072e-05
73800,4.701211153701479e-08,0.0003330192412249744,1.0,1.0,18.9235897064209,17.027833938598633,1.7179763744934462e-05
73900,6.345367609128516e-08,0.00034444889752194285,1.0,1.0,18.870515823364258,17.002281188964844,1.843816789914854e-05
74000,7.606204377452741e-08,0.0003417530097067356,1.0,1.0,18.830778121948242,16.973989486694336,1.6300537026836537e-05
74100,7.054984507703921e-08,0.0003253095201216638,1.0,1.0,18.848621368408203,17.003787994384766,1.6368712749681436e-05
74200,9.782574039718384e-08,0.00032834813464432955,1.0,1.0,18.79029083251953,16.96292495727539,1.7946884327102453e-05
74300,7.41296091177901e-08,0.0003184691886417568,1.0,1.0,18.85215187072754,17.02596092224121,1.9562050511012785e-05
74400,7.44147214959412e-08,0.00032048672437667847,1.0,1.0,18.858680725097656,17.0502986907959,1.9409380911383778e-05
74500,7.162694259932323e-08,0.0003107863594777882,1.0,1.0,18.853424072265625,17.05332374572754,1.7292315533268265e-05
74600,7.561853720972067e-08,0.00031194338225759566,1.0,1.0,18.8439884185791,17.06395721435547,1.541236815683078e-05
74700,6.015903153411273e-08,0.0003183472726959735,1.0,1.0,18.875694274902344,17.106149673461914,1.596529364178423e-05
74800,8.50272954266984e-08,0.00031114061130210757,1.0,1.0,18.817161560058594,17.058170318603516,1.731865995679982e-05
74900,5.35063726658791e-08,0.00030761893140152097,1.0,1.0,18.89324951171875,17.139846801757812,1.642193819861859e-05
75000,4.5744936727487584e-08,0.00030873058130964637,1.0,1.0,18.918636322021484,17.17793083190918,1.9925995729863644e-05
75100,6.864908641546208e-08,0.00029759042081423104,1.0,1.0,18.860313415527344,17.140213012695312,1.7235328414244577e-05
75200,8.09089826248055e-08,0.0003022428136318922,1.0,1.0,18.817968368530273,17.118600845336914,1.7740636394592002e-05
75300,9.342231521713984e-08,0.0002995402319356799,1.0,1.0,18.803178787231445,17.109512329101562,1.7151049178210087e-05
75400,8.407691609590984e-08,0.00028389881481416523,1.0,1.0,18.81004524230957,17.129905700683594,1.7973745343624614e-05
75500,8.217615743433271e-08,0.00029455081676132977,1.0,1.0,18.83161163330078,17.158729553222656,1.745241206663195e-05
75600,1.0463679700478679e-07,0.00030004093423485756,1.0,1.0,18.768932342529297,17.10806655883789,1.8158232705900446e-05
75700,7.188037187688678e-08,0.0002805553376674652,1.0,1.0,18.85895538330078,17.21263885498047,1.6402867913711816e-05
75800,7.55234950133854e-08,0.00027977663557976484,1.0,1.0,18.84766960144043,17.20860481262207,1.563587284181267e-05
75900,7.292579340401062e-08,0.00027427123859524727,1.0,1.0,18.849740982055664,17.227680206298828,1.849780346674379e-05
76000,6.757198889317806e-08,0.0002721750643104315,1.0,1.0,18.85387420654297,17.238908767700195,1.8135573554900475e-05
76100,6.918763517660409e-08,0.00026019031065516174,1.0,1.0,18.861425399780273,17.258140563964844,1.688784504949581e-05
76200,6.988457812440174e-08,0.00027245961246080697,1.0,1.0,18.836679458618164,17.261783599853516,1.664420597080607e-05
76300,9.405589906918976e-08,0.00028507853858172894,1.0,1.0,18.7744197845459,17.19539451599121,1.8595370420371182e-05
76400,7.232388554712088e-08,0.00027288205455988646,1.0,1.0,18.838804244995117,17.279104232788086,1.6172703908523545e-05
76500,9.003262846363214e-08,0.0002638236037455499,1.0,1.0,18.804967880249023,17.247690200805664,1.965879346244037e-05
76600,7.232388554712088e-08,0.0002696695737540722,1.0,1.0,18.828702926635742,17.27790641784668,2.0157565813860856e-05
76700,6.567123023160093e-08,0.00025616554194130003,1.0,1.0,18.870872497558594,17.319974899291992,1.2900294677820057e-05
76800,7.207044916412997e-08,0.00025257779634557664,1.0,1.0,18.845664978027344,17.313697814941406,1.882519427454099e-05
76900,5.56288846098596e-08,0.0002394450275460258,1.0,1.0,18.892547607421875,17.36741065979004,1.6906091332202777e-05
77000,5.6832700323639074e-08,0.00024378289526794106,1.0,1.0,18.887081146240234,17.367698669433594,1.974920269276481e-05
77100,3.966250616826983e-08,0.0002328843402210623,1.0,1.0,18.928884506225586,17.425012588500977,1.5538575098617002e-05
77200,5.968384186871845e-08,0.0002345346292713657,1.0,1.0,18.861120223999023,17.381715774536133,1.5395877198898233e-05
77300,5.851170570281283e-08,0.00024611360277049243,1.0,1.0,18.886362075805664,17.393136978149414,1.5715748304501176e-05
77400,6.611473679640767e-08,0.00023598611005581915,1.0,1.0,18.86362648010254,17.381549835205078,1.551500281493645e-05
77500,4.7582339846030663e-08,0.00023366302775684744,1.0,1.0,18.910381317138672,17.43336296081543,1.5998313756426796e-05
77600,6.060253809891947e-08,0.00023342733038589358,1.0,1.0,18.87542152404785,17.423704147338867,1.8923947209259495e-05
77700,5.3791485044030196e-08,0.00023264152696356177,1.0,1.0,18.898029327392578,17.450321197509766,1.801192956918385e-05
77800,6.196474799935459e-08,0.00022391848324332386,1.0,1.0,18.883342742919922,17.43642807006836,1.7915468561113812e-05
77900,4.9799890433632754e-08,0.0002216199936810881,1.0,1.0,18.909196853637695,17.477039337158203,1.6668805983499624e-05
78000,6.525939255652702e-08,0.0002236235304735601,1.0,1.0,18.86117172241211,17.438182830810547,1.7830132492235862e-05
78100,4.6061732206226225e-08,0.00022186337446328253,1.0,1.0,18.915943145751953,17.49887466430664,1.639541187614668e-05
78200,7.555517811397294e-08,0.00023193634115159512,1.0,1.0,18.819732666015625,17.423900604248047,1.7076075891964138e-05
78300,4.7360583010913615e-08,0.000216416796320118,1.0,1.0,18.9191837310791,17.512582778930664,1.4264562196331099e-05
78400,8.911392512800376e-08,0.0002309907868038863,1.0,1.0,18.799142837524414,17.423791885375977,1.4151123650663067e-05
78500,7.492158715649566e-08,0.00021442267461679876,1.0,1.0,18.82955551147461,17.46804428100586,1.8675071260076948e-05
78600,8.27463821906349e-08,0.00022018564050085843,1.0,1.0,18.828615188598633,17.45705795288086,1.7220998415723443e-05
78700,9.90612321061235e-08,0.00022930516570340842,1.0,1.0,18.77179718017578,17.4241943359375,1.7125874364865012e-05
78800,5.040179829052249e-08,0.00020296960428822786,1.0,1.0,18.904497146606445,17.554302215576172,1.8784938220051117e-05
78900,7.878646357539765e-08,0.0002118916600011289,1.0,1.0,18.836641311645508,17.490196228027344,1.943662209669128e-05
79000,9.560818625686807e-08,0.00021172028209548444,1.0,1.0,18.79369354248047,17.4637393951416,1.6155856428667903e-05
79100,6.437237942691354e-08,0.00021164481586311013,1.0,1.0,18.867883682250977,17.534664154052734,2.0595452951965854e-05
79200,5.056019602989181e-08,0.0001978562504518777,1.0,1.0,18.902509689331055,17.588939666748047,1.7299067621934228e-05
79300,8.784675031847655e-08,0.00021524896146729589,1.0,1.0,18.807331085205078,17.497053146362305,1.7675436538411304e-05
79400,1.047318320956947e-07,0.0002147802442777902,1.0,1.0,18.75535011291504,17.460596084594727,1.70346065715421e-05
79500,5.4773543922692625e-08,0.0001928043202497065,1.0,1.0,18.897621154785156,17.597450256347656,1.8655226085684262e-05
79600,7.641051524842624e-08,0.00020177393162157387,1.0,1.0,18.845630645751953,17.555484771728516,1.9460754629108123e-05
79700,7.783608424460908e-08,0.00019813589460682124,1.0,1.0,18.833240509033203,17.550844192504883,1.5266072296071798e-05
79800,5.429835425729834e-08,0.00020137459796387702,1.0,1.0,18.889259338378906,17.60970687866211,2.0241152014932595e-05
79900,5.749796727627654e-08,0.00019248233002144843,1.0,1.0,18.88512420654297,17.620885848999023,2.006520844588522e-05
80000,7.498494625224339e-08,0.00020441949891392142,1.0,1.0,18.846637725830078,17.580215454101562,1.929221070895437e-05
80100,4.555486299295808e-08,0.00018468420603312552,1.0,1.0,18.920448303222656,17.658313751220703,1.8795833966578357e-05
80200,5.651590839761411e-08,0.0001897286856546998,1.0,1.0,18.885637283325195,17.63180923461914,1.9699809854500927e-05
80300,8.585095656599151e-08,0.0001901437935885042,1.0,1.0,18.82229995727539,17.582542419433594,1.8602106138132513e-05
80400,5.084530840804291e-08,0.0001857661991380155,1.0,1.0,18.903459548950195,17.66366195678711,1.8205082596978173e-05
80500,6.472085090081237e-08,0.0001896804169518873,1.0,1.0,18.846755981445312,17.62704849243164,1.927099765453022e-05
80600,5.382316459190406e-08,0.00018449636991135776,1.0,1.0,18.890811920166016,17.664493560791016,1.946506745298393e-05
80700,6.215482528659777e-08,0.00018148397793993354,1.0,1.0,18.880643844604492,17.66597557067871,1.689676173555199e-05
80800,8.414027519165757e-08,0.00019432500994298607,1.0,1.0,18.800758361816406,17.60181427001953,1.8552967958385125e-05
80900,8.154256647685543e-08,0.000179908107384108,1.0,1.0,18.809345245361328,17.616540908813477,1.9645303837023675e-05
81000,8.018035657642031e-08,0.00018588820239529014,1.0,1.0,18.809892654418945,17.622392654418945,2.2028205421520397e-05
81100,6.126780505155693e-08,0.0001809780515031889,1.0,1.0,18.862791061401367,17.666641235351562,1.662065551499836e-05
81200,4.748730120240907e-08,0.0001749766815919429,1.0,1.0,18.91602325439453,17.732492446899414,2.138383024430368e-05
81300,4.9102943933121423e-08,0.0001711698860162869,1.0,1.0,18.916757583618164,17.741518020629883,1.9306256945128553e-05
81400,4.856439872469309e-08,0.00016592073370702565,1.0,1.0,18.91111183166504,17.736690521240234,1.9346127373864874e-05
81500,1.0815319484436259e-07,0.0001911025174194947,1.0,1.0,18.72463035583496,17.5737247467041,2.030751420534216e-05
81600,9.589329863501916e-08,0.00017403563833795488,1.0,1.0,18.75971221923828,17.608915328979492,2.2092963263276033e-05
81700,8.990591027213668e-08,0.0001788833615137264,1.0,1.0,18.80508804321289,17.656911849975586,2.020834836002905e-05
81800,8.223950942465308e-08,0.00018238001212012023,1.0,1.0,18.817276000976562,17.673561096191406,1.5243425877997652e-05
81900,5.7212851345411764e-08,0.00016567936108913273,1.0,1.0,18.890525817871094,17.746110916137695,1.84292221092619e-05
82000,7.416128511295028e-08,0.0001673578517511487,1.0,1.0,18.83663558959961,17.70549964904785,1.754454933688976e-05
82100,1.0070855438470971e-07,0.0001702007430139929,1.0,1.0,18.77503776550293,17.64728546142578,2.0856230548815802e-05
82200,1.0115206805494381e-07,0.00017450953600928187,1.0,1.0,18.754592895507812,17.636857986450195,2.3276872525457293e-05
82300,8.962079789398558e-08,0.0001682116271695122,1.0,1.0,18.81439971923828,17.69729995727539,1.9505176169332117e-05
82400,9.671695977431227e-08,0.0001714248937787488,1.0,1.0,18.796308517456055,17.686389923095703,1.8135751815862022e-05
82500,6.997961321530966e-08,0.0001645190641283989,1.0,1.0,18.843467712402344,17.738094329833984,2.133122325176373e-05
82600,6.966282484199837e-08,0.0001619683753233403,1.0,1.0,18.854774475097656,17.754112243652344,1.788032750482671e-05
82700,9.35490334086353e-08,0.0001720411964925006,1.0,1.0,18.758464813232422,17.674280166625977,1.8687920601223595e-05
82800,7.58086073915365e-08,0.0001634019281482324,1.0,1.0,18.836130142211914,17.7518310546875,1.924922071339097e-05
82900,9.456277183517159e-08,0.0001685687166173011,1.0,1.0,18.762020111083984,17.679542541503906,1.8273100067744963e-05
83000,9.503796150056587e-08,0.00016658188542351127,1.0,1.0,18.75086784362793,17.679920196533203,1.774708289303817e-05
83100,8.512233051760631e-08,0.0001623408024897799,1.0,1.0,18.800853729248047,17.729631423950195,2.4163642592611723e-05
83200,6.310520461738633e-08,0.00015391620399896055,1.0,1.0,18.876209259033203,17.80059242248535,2.0812663933611475e-05
83300,4.8279282793828315e-08,0.0001568455481901765,1.0,1.0,18.907943725585938,17.832122802734375,2.400599987595342e-05
83400,5.512201539659145e-08,0.0001535709307063371,1.0,1.0,18.887266159057617,17.824399948120117,1.8384380382485688e-05
83500,6.16479596260433e-08,0.00014926485891919583,1.0,1.0,18.888765335083008,17.827051162719727,2.0037643480463885e-05
83600,4.9641492694263434e-08,0.00015025977336335927,1.0,1.0,18.905797958374023,17.849870681762695,2.070656955766026e-05
83700,9.570322134777598e-08,0.00016072572907432914,1.0,1.0,18.77768898010254,17.732168197631836,1.8976435967488214e-05
83800,3.430870165743727e-08,0.0001419990003341809,1.0,1.0,18.945560455322266,17.89065170288086,1.886729478428606e-05
83900,7.884982267114538e-08,0.0001556570059619844,1.0,1.0,18.82289695739746,17.78567123413086,2.1065930923214182e-05
84000,4.3717459874415e-08,0.00015640245692338794,1.0,1.0,18.913196563720703,17.872682571411133,2.1188094251556322e-05
84100,5.4393392900919935e-08,0.00014308493700809777,1.0,1.0,18.87579345703125,17.847375869750977,2.110322930093389e-05
84200,6.915595207601655e-08,0.0001483504893258214,1.0,1.0,18.870777130126953,17.847686767578125,1.714422796794679e-05
84300,6.937770535841992e-08,0.00015041869482956827,1.0,1.0,18.866294860839844,17.8442325592041,1.4864195691188797e-05
84400,8.483721813945522e-08,0.0001532540627522394,1.0,1.0,18.79902458190918,17.79167366027832,2.440968091832474e-05
84500,6.88391565972779e-08,0.0001413741265423596,1.0,1.0,18.867074966430664,17.854398727416992,1.888225961010903e-05
84600,8.252462890823153e-08,0.0001536939525976777,1.0,1.0,18.812498092651367,17.803369522094727,2.2252643248066306e-05
84700,8.955743879823785e-08,0.00014553737128153443,1.0,1.0,18.799989700317383,17.79241371154785,1.9932233044528402e-05
84800,7.05815210721994e-08,0.00014568860933650285,1.0,1.0,18.864315032958984,17.857824325561523,1.84302480192855e-05
84900,1.0324290400376412e-07,0.00015401592827402055,1.0,1.0,18.773290634155273,17.77741050720215,2.2123023882159032e-05
85000,5.819491022407419e-08,0.00014220007869880646,1.0,1.0,18.889129638671875,17.882164001464844,2.135718023055233e-05
85100,3.6969765915273456e-08,0.00014037253276910633,1.0,1.0,18.935115814208984,17.93861961364746,1.991921271837782e-05
85200,9.817421187108266e-08,0.00014638194988947362,1.0,1.0,18.756032943725586,17.78098487854004,2.3488793885917403e-05
85300,1.0888182089274778e-07,0.00014626722258981317,1.0,1.0,18.744674682617188,17.76280403137207,2.148191924788989e-05
85400,9.15532325507229e-08,0.00014700899191666394,1.0,1.0,18.79842185974121,17.818735122680664,2.1899875719100237e-05
85500,7.650555744476151e-08,0.0001389225508319214,1.0,1.0,18.826169967651367,17.850435256958008,1.8657068721950054e-05
85600,7.888150577173292e-08,0.0001380744797643274,1.0,1.0,18.82611083984375,17.85431671142578,2.0118819520575926e-05
85700,7.197541407322205e-08,0.0001424560759915039,1.0,1.0,18.85960578918457,17.882946014404297,1.9107186744804494e-05
85800,9.272536516391483e-08,0.00015099615848157555,1.0,1.0,18.76451873779297,17.799388885498047,1.9148794308421202e-05
85900,1.0264099614687439e-07,0.00014290460967458785,1.0,1.0,18.742143630981445,17.78818130493164,2.185582161473576e-05
86000,5.727621044115949e-08,0.00013569516886491328,1.0,1.0,18.894166946411133,17.92763328552246,2.0448080249479972e-05
86100,4.0707924142679985e-08,0.00013198838860262185,1.0,1.0,18.936607360839844,17.97083854675293,2.0932378902216442e-05
86200,7.422464420869801e-08,0.00013672334898728877,1.0,1.0,18.805564880371094,17.865385055541992,2.0735049474751577e-05
86300,7.146854130724023e-08,0.00013541485532186925,1.0,1.0,18.852497100830078,17.89995574951172,2.1982250473229215e-05
86400,7.020137360314038e-08,0.0001342550531262532,1.0,1.0,18.856731414794922,17.91599464416504,1.6689329640939832e-05
86500,4.587165491898304e-08,0.00013371853856369853,1.0,1.0,18.917726516723633,17.977556228637695,2.4149121600203216e-05
86600,6.123612905639675e-08,0.00013756591943092644,1.0,1.0,18.862537384033203,17.92547607421875,1.908507510961499e-05
86700,7.137350621633232e-08,0.0001292674569413066,1.0,1.0,18.841421127319336,17.91542625427246,2.2180141968419775e-05
86800,9.937802758486214e-08,0.00013819504238199443,1.0,1.0,18.772066116333008,17.85683250427246,2.1830912373843603e-05
86900,9.747726892328501e-08,0.000136878588818945,1.0,1.0,18.77078628540039,17.84622573852539,2.079286059597507e-05
87000,4.8881190650718054e-08,0.0001339435257250443,1.0,1.0,18.911239624023438,17.974580764770508,1.6544936443096958e-05
87100,6.14895583339603e-08,0.00012942333705723286,1.0,1.0,18.87215232849121,17.952280044555664,1.822301601350773e-05
87200,6.408726704876244e-08,0.00012515761773101985,1.0,1.0,18.848766326904297,17.930622100830078,2.3675984266446903e-05
87300,4.78357726763079e-08,0.00012752701877616346,1.0,1.0,18.905826568603516,17.98935890197754,2.076603050227277e-05
87400,1.0929365146239434e-07,0.0001366853539366275,1.0,1.0,18.723865509033203,17.822717666625977,3.1576884794048965e-05
87500,6.864908641546208e-08,0.00012944256013724953,1.0,1.0,18.86154556274414,17.95614242553711,1.9288647308712825e-05
87600,1.1483753326047008e-07,0.00013317109551280737,1.0,1.0,18.69949722290039,17.800275802612305,2.776488872768823e-05
87700,9.928298538852687e-08,0.00013191984908189625,1.0,1.0,18.773286819458008,17.87042808532715,2.3930217139422894e-05
87800,1.0010665363324733e-07,0.00013120315270498395,1.0,1.0,18.757585525512695,17.85904312133789,2.1968950022710487e-05
87900,6.97261839377461e-08,0.00013385422062128782,1.0,1.0,18.84488868713379,17.94999122619629,2.4475515601807274e-05
88000,5.258766933025072e-08,0.00012447663175407797,1.0,1.0,18.90219497680664,17.99785614013672,1.6822737961774692e-05
88100,7.44147214959412e-08,0.00012933161633554846,1.0,1.0,18.836578369140625,17.946922302246094,1.7296117221121676e-05
88200,8.04654689545714e-08,0.00013252768258098513,1.0,1.0,18.794464111328125,17.914793014526367,2.0921524992445484e-05
88300,4.6822034249771605e-08,0.00012385137961246073,1.0,1.0,18.91449737548828,18.018325805664062,2.4795315766823478e-05
88400,9.560818625686807e-08,0.0001263533195015043,1.0,1.0,18.79253578186035,17.909120559692383,2.0978091924916953e-05
88500,7.995860329401694e-08,0.0001282808225369081,1.0,1.0,18.823259353637695,17.94489097595215,1.9704044461832382e-05
88600,5.052851648201795e-08,0.00011992880172329023,1.0,1.0,18.913959503173828,18.021116256713867,2.0436053091543727e-05
88700,9.2376893690016e-08,0.0001268010528292507,1.0,1.0,18.78726577758789,17.909894943237305,1.993802288779989e-05
88800,1.0704442132691838e-07,0.00013168048462830484,1.0,1.0,18.72418975830078,17.849735260009766,2.4826420485624112e-05
88900,4.539646525358876e-08,0.00011473239283077419,1.0,1.0,18.92782974243164,18.053571701049805,2.556816252763383e-05
89000,8.949407970249013e-08,0.00012235737813171,1.0,1.0,18.776283264160156,17.91737174987793,2.1034136807429604e-05
89100,7.016969050255284e-08,0.0001228571927640587,1.0,1.0,18.846555709838867,17.980588912963867,2.510764534235932e-05
89200,9.123643707198426e-08,0.0001291056687477976,1.0,1.0,18.800050735473633,17.934831619262695,2.1657262550434098e-05
89300,6.057086210375928e-08,0.00011661379539873451,1.0,1.0,18.883699417114258,18.02251625061035,2.7418032914283685e-05
89400,7.976852600677375e-08,0.00012177378812339157,1.0,1.0,18.820398330688477,17.96819305419922,2.2239355530473404e-05
89500,5.518537449233918e-08,0.00011626166815403849,1.0,1.0,18.895383834838867,18.033666610717773,2.5447488951613195e-05
89600,6.313688771797388e-08,0.0001202544299303554,1.0,1.0,18.84402084350586,17.994609832763672,2.4200469852075912e-05
89700,3.896556322047218e-08,0.00011246705980738625,1.0,1.0,18.919065475463867,18.07154083251953,1.7229227523785084e-05
89800,9.560818625686807e-08,0.00011919287499040365,1.0,1.0,18.7726993560791,17.92547607421875,2.1064523025415838e-05
89900,3.2376267000699954e-08,0.000112291076220572,1.0,1.0,18.945819854736328,18.09889793395996,1.819570388761349e-05
90000,5.803651603741855e-08,0.0001145433125202544,1.0,1.0,18.87836265563965,18.03293228149414,2.4415152438450605e-05
90100,6.14895583339603e-08,0.00012039604189340025,1.0,1.0,18.85700798034668,18.007783889770508,2.4335686248377897e-05
90200,6.573458932734866e-08,0.00011317842290736735,1.0,1.0,18.870403289794922,18.024417877197266,1.8542441466706805e-05
90300,5.949376458147526e-08,0.00011403769167372957,1.0,1.0,18.883708953857422,18.0465087890625,2.0001221855636686e-05
90400,6.769870708467352e-08,0.00011536834790604189,1.0,1.0,18.8735294342041,18.03282928466797,1.811602123780176e-05
90500,4.1943419404333326e-08,0.00010765643673948944,1.0,1.0,18.933088302612305,18.095426559448242,2.6511295800446533e-05
90600,8.097234172055323e-08,0.0001103603353840299,1.0,1.0,18.834278106689453,18.00722885131836,1.8488517525838688e-05
90700,7.134182311574477e-08,0.0001108984652091749,1.0,1.0,18.819644927978516,17.999282836914062,1.9481905837892555e-05
90800,1.1173295888511348e-07,0.00012080161104677245,1.0,1.0,18.69423484802246,17.87024688720703,2.8225411369930953e-05
90900,5.078194931229518e-08,0.00011365878162905574,1.0,1.0,18.866222381591797,18.043903350830078,2.050469265668653e-05
91000,3.1457563665071575e-08,0.00010874743020394817,1.0,1.0,18.961877822875977,18.12668228149414,1.9571531083784066e-05
91100,9.20917813118649e-08,0.00011662437464110553,1.0,1.0,18.78608512878418,17.9686222076416,2.4960851078503765e-05
91200,5.458346663544944e-08,0.000108800180896651,1.0,1.0,18.892675399780273,18.07177734375,2.0295119611546397e-05
91300,6.247162076533641e-08,0.00011333333532093093,1.0,1.0,18.85223388671875,18.04234504699707,2.9967523005325347e-05
91400,6.887083969786545e-08,0.00011051897308789194,1.0,1.0,18.843198776245117,18.028972625732422,2.4731427402002737e-05
91500,5.35063726658791e-08,0.00011003918189089745,1.0,1.0,18.902727127075195,18.08893585205078,1.6514853996341117e-05
91600,4.84693600810715e-08,0.00010966854461003095,1.0,1.0,18.91413116455078,18.09019660949707,1.743059874570463e-05
91700,5.5692243705607325e-08,0.00010665677837096155,1.0,1.0,18.89078712463379,18.079784393310547,2.519963527447544e-05
91800,4.558654254083194e-08,0.00010578892397461459,1.0,1.0,18.926284790039062,18.112619400024414,2.3974187570274808e-05
91900,4.5523183445084214e-08,0.00010164117702515796,1.0,1.0,18.913389205932617,18.113073348999023,2.0240064259269275e-05
92000,1.001700056235677e-07,0.00011209056538064033,1.0,1.0,18.758922576904297,17.960886001586914,3.3519172575324774e-05
92100,6.66216095623895e-08,0.00011980252020293847,1.0,1.0,18.838041305541992,18.02997398376465,3.103112248936668e-05
92200,5.5692243705607325e-08,0.00010669688344933093,1.0,1.0,18.895402908325195,18.09260368347168,2.1852640202268958e-05
92300,1.1084593865007264e-07,0.00011412421008571982,1.0,1.0,18.734100341796875,17.93503189086914,3.121194095001556e-05
92400,4.853271917681923e-08,0.00010337220737710595,1.0,1.0,18.911296844482422,18.11127281188965,3.210589420632459e-05
92500,7.663227563625696e-08,0.00010497995390323922,1.0,1.0,18.829748153686523,18.037025451660156,1.723531931929756e-05
92600,6.81738967500678e-08,0.00010591330647002906,1.0,1.0,18.87567710876465,18.072280883789062,2.06008116947487e-05
92700,9.019102265028778e-08,0.0001181118786917068,1.0,1.0,18.77764129638672,17.980052947998047,3.3075200917664915e-05
92800,9.110972598591616e-08,0.00011136298417113721,1.0,1.0,18.74941635131836,17.976470947265625,4.089558933628723e-05
92900,3.6272819414762125e-08,0.00010557821951806545,1.0,1.0,18.93999671936035,18.14759063720703,1.7275138816330582e-05
93000,7.026472559346075e-08,0.00010559349175309762,1.0,1.0,18.850950241088867,18.06790542602539,2.1255804313113913e-05
93100,4.080296278630158e-08,9.941418102243915e-05,1.0,1.0,18.934162139892578,18.146671295166016,2.700237928365823e-05
93200,5.097202659953837e-08,0.00010272349754814059,1.0,1.0,18.912315368652344,18.124061584472656,3.0198414606275037e-05
93300,9.84910073498213e-08,0.00010695145465433598,1.0,1.0,18.78371238708496,17.997638702392578,2.54652914009057e-05
93400,6.627313098306331e-08,0.00010557415953371674,1.0,1.0,18.831449508666992,18.054601669311523,2.4515862605767325e-05
93500,6.525939255652702e-08,9.960914758266881e-05,1.0,1.0,18.868186950683594,18.084720611572266,2.229056008218322e-05
93600,1.1901920515811071e-07,0.00011764308874262497,1.0,1.0,18.65093421936035,17.878070831298828,4.634427750715986e-05
93700,9.38341457867864e-08,0.0001019771589199081,1.0,1.0,18.799436569213867,18.0225772857666,1.9881972548319027e-05
93800,6.345367609128516e-08,0.00010044426744570956,1.0,1.0,18.863710403442383,18.090227127075195,3.5948545701103285e-05
93900,9.136315526347971e-08,0.00010328797361580655,1.0,1.0,18.81273651123047,18.042768478393555,1.9741823052754626e-05
94000,7.49532702570832e-08,0.00010528026905376464,1.0,1.0,18.819326400756836,18.05107879638672,1.9915178199880756e-05
94100,8.911392512800376e-08,0.00010222657874692231,1.0,1.0,18.79462242126465,18.021793365478516,2.704248981899582e-05
94200,7.061320417278694e-08,0.00010529600695008412,1.0,1.0,18.84060287475586,18.069854736328125,2.541378307796549e-05
94300,1.0590396470888663e-07,0.00011163498857058585,1.0,1.0,18.734590530395508,17.96035385131836,3.4070744732161984e-05
94400,9.944138668060987e-08,0.00011212479148525745,1.0,1.0,18.642547607421875,17.905187606811523,3.721400207723491e-05
94500,6.814221364948025e-08,0.00010199272219324484,1.0,1.0,18.833852767944336,18.07577896118164,3.353074498591013e-05
94600,3.5512517371216745e-08,9.553322161082178e-05,1.0,1.0,18.968591690063477,18.202674865722656,2.851541285053827e-05
94700,6.310520461738633e-08,9.669805149314925e-05,1.0,1.0,18.870878219604492,18.111492156982422,1.8349772290093824e-05
94800,5.0813628860169047e-08,9.31092508835718e-05,1.0,1.0,18.918914794921875,18.15677833557129,3.5189736081520095e-05
94900,8.803682760571974e-08,0.00010305326577508822,1.0,1.0,18.79172706604004,18.035226821899414,2.961330937978346e-05
95000,6.576626532250884e-08,0.00010159230441786349,1.0,1.0,18.8421688079834,18.09294319152832,2.221183603978716e-05
95100,6.231321947325341e-08,0.00010057116014650092,1.0,1.0,18.874757766723633,18.12732696533203,2.3766662707203068e-05
95200,3.820525762421312e-08,9.316475916421041e-05,1.0,1.0,18.946243286132812,18.19782829284668,2.6355526642873883e-05
95300,4.704379108488865e-08,9.271198359783739e-05,1.0,1.0,18.919538497924805,18.16141700744629,3.161916902172379e-05
95400,9.801581768442702e-08,9.693131141830236e-05,1.0,1.0,18.784305572509766,18.035539627075195,2.5677210942376405e-05
95500,9.985321725025642e-08,0.00010684277367545292,1.0,1.0,18.757640838623047,18.016023635864258,3.473961623967625e-05
95600,9.430933545218068e-08,0.00010830568498931825,1.0,1.0,18.783525466918945,18.03407096862793,3.537275915732607e-05
95700,1.1540776512219963e-07,0.00010518728231545538,1.0,1.0,18.665449142456055,17.93524932861328,3.741870750673115e-05
95800,6.40555839481749e-08,9.527634392725304e-05,1.0,1.0,18.875356674194336,18.130197525024414,2.3509634047513828e-05
95900,6.522771656136683e-08,9.99954718281515e-05,1.0,1.0,18.854488372802734,18.118942260742188,2.1087851564516313e-05
96000,1.1220814855050776e-07,0.0001006643142318353,1.0,1.0,18.7338809967041,17.99159812927246,3.259645018260926e-05
96100,6.601970170549976e-08,9.126320946961641e-05,1.0,1.0,18.866514205932617,18.120227813720703,2.3705426428932697e-05
96200,7.384448963421164e-08,9.331683395430446e-05,1.0,1.0,18.858970642089844,18.110349655151367,2.2280488337855786e-05
96300,1.0587228871372645e-07,0.00010060289787361398,1.0,1.0,18.71086311340332,17.982608795166016,2.4162947738659568e-05
96400,1.1851233949755624e-07,0.00010261966963298619,1.0,1.0,18.602876663208008,17.896570205688477,3.60168851329945e-05
96500,5.4013241879147245e-08,9.459908324060962e-05,1.0,1.0,18.88861083984375,18.164695739746094,1.8516222553444095e-05
96600,4.1088078717166354e-08,8.355658064829186e-05,1.0,1.0,18.947717666625977,18.21047592163086,2.5588267817511223e-05
96700,4.603005265835236e-08,8.871570025803521e-05,1.0,1.0,18.93054962158203,18.183725357055664,2.5964453016058542e-05
96800,1.1135281141605446e-07,9.419984417036176e-05,1.0,1.0,18.697084426879883,17.985965728759766,3.5813322028843686e-05
96900,4.137319109531745e-08,8.511032501701266e-05,1.0,1.0,18.948644638061523,18.20586395263672,2.9705208362429403e-05
97000,9.788909949293156e-08,9.844813757808879e-05,1.0,1.0,18.749340057373047,18.022350311279297,4.134696064284071e-05
97100,1.0951541185022506e-07,9.182746725855395e-05,1.0,1.0,18.73183822631836,18.009090423583984,4.519168214756064e-05
97200,1.0850167342368877e-07,0.00010390986426500604,1.0,1.0,18.700716018676758,17.979127883911133,5.942945062997751e-05
97300,3.082397981302165e-08,8.839830115903169e-05,1.0,1.0,18.99932289123535,18.260887145996094,2.2664851712761447e-05
97400,7.603036777936723e-08,9.177759056910872e-05,1.0,1.0,18.831226348876953,18.101484298706055,3.291530083515681e-05
97500,8.84169821802061e-08,9.842019790085033e-05,1.0,1.0,18.801786422729492,18.068315505981445,4.216603338136338e-05
97600,8.014868058126012e-08,9.413938096258789e-05,1.0,1.0,18.81409454345703,18.096759796142578,4.359348531579599e-05
97700,3.997930164700847e-08,8.38409032439813e-05,1.0,1.0,18.9534854888916,18.227495193481445,3.9115362596930936e-05
97800,1.1680165101779494e-07,9.129765385296196e-05,1.0,1.0,18.69565773010254,17.978734970092773,4.1675331885926425e-05
97900,1.1021235479802272e-07,9.71064146142453e-05,1.0,1.0,18.72380828857422,18.006444931030273,5.5229382269317284e-05
98000,6.025406662502064e-08,8.808909478830174e-05,1.0,1.0,18.88321876525879,18.16169548034668,2.552136174927e-05
98100,1.0954708784538525e-07,8.925035217544064e-05,1.0,1.0,18.751379013061523,18.041034698486328,3.395833118702285e-05
98200,8.268302309488718e-08,9.331502224085853e-05,1.0,1.0,18.771169662475586,18.06688690185547,4.14644273405429e-05
98300,6.465749180506464e-08,8.519667608197778e-05,1.0,1.0,18.881759643554688,18.161535263061523,1.9082825019722804e-05
98400,6.243993766474887e-08,9.309840243076906e-05,1.0,1.0,18.8731689453125,18.15670394897461,3.287203799118288e-05
98500,1.1372875974302588e-07,9.682287054602057e-05,1.0,1.0,18.69354248046875,17.980758666992188,6.045119880582206e-05
98600,9.244025278576373e-08,9.88548417808488e-05,1.0,1.0,18.763446807861328,18.055950164794922,3.4188640711363405e-05
98700,8.958911479339804e-08,8.338102634297684e-05,1.0,1.0,18.812747955322266,18.100418090820312,2.232149927294813e-05
98800,8.838529907961856e-08,8.351732685696334e-05,1.0,1.0,18.815927505493164,18.100908279418945,1.9133083696942776e-05
98900,1.0533373995258444e-07,8.718743629287928e-05,1.0,1.0,18.735631942749023,18.03499984741211,4.689265551860444e-05
99000,1.0682266804451501e-07,8.539693226339296e-05,1.0,1.0,18.733182907104492,18.0361385345459,3.139896580250934e-05
99100,7.279907521251516e-08,8.132567018037662e-05,1.0,1.0,18.852130889892578,18.140581130981445,3.7776175304315984e-05
99200,6.766702398408597e-08,7.655627268832177e-05,1.0,1.0,18.881202697753906,18.167430877685547,2.4230168492067605e-05
99300,5.581896189710278e-08,7.782672764733434e-05,1.0,1.0,18.89425277709961,18.179306030273438,3.4638302167877555e-05
99400,4.283043963937416e-08,7.495998579543084e-05,1.0,1.0,18.941041946411133,18.22562026977539,2.7584655981627293e-05
99500,8.89872069365083e-08,7.76356682763435e-05,1.0,1.0,18.783458709716797,18.09230613708496,2.180343471991364e-05
99600,6.101436866856602e-08,7.934759196359664e-05,1.0,1.0,18.874019622802734,18.171064376831055,5.2386396419024095e-05
99700,6.712847522294396e-08,7.761266169836745e-05,1.0,1.0,18.860565185546875,18.171812057495117,2.3535456421086565e-05
99800,5.803651603741855e-08,7.412822014885023e-05,1.0,1.0,18.883159637451172,18.187522888183594,2.7447560569271445e-05
99900,3.909228141196763e-08,6.886628398206085e-05,1.0,1.0,18.96630096435547,18.262325286865234,4.182771226624027e-05
100000,9.389750488253412e-08,7.517154153902084e-05,1.0,1.0,18.801795959472656,18.108644485473633,2.4054197638179176e-05
